,num,forpet_hash,shop_name,shop_address,address,total_score,review_num,match
1,1003,8b7cc90778fea71d59732e53e61074a520a0bdc1ab45db9864020f5c1a587d5e,강사모펫,"['서구', '청라동', '105-9']",인천광역시 경서동,0,0,not_match
2,1014,109841c1644cccb2745be58847077c4d8e5ef4fe551e970c6ede5b44b5469645,복슬강아지,"['서구', '오류동', '1656-1']",경기도 의정부시 민락동 755-8,4.0,3,not_match
3,1016,ef1c9686665e2678d0a1027ddea9e7b018b289dda19e9951fa9958adfdc9e3f3,부부애견사,"['동구', '계림동', '85-166']",광주광역시 동구 계림2동 85-166,1.0,1,match_gu
4,1022,76e8e646936588ddfe4563147b9afcacf55032f3767b2dbb389bac6c67f29d17,주암애견,"['남구', '백운동', '638-5']",백운동 639-8번지 남구 광주광역시 KR,0,0,match_dong
5,1023,a8fb90d0e38972a4eedf39bde76e6a632a8ecd0e4b961e3b93143c9e08a25793,빅펫하우스,"['남구', '주월동', '389-84']",광주광역시 남구 주월동 서문대로 801,4.5,10,match_dong
6,1025,b8622668834918728077ae4e408cb45258b8a3b808a8b68b492e9164f7408005,그루밍,"['남구', '봉선동', '1069-4']",인천광역시 남구 주안동 번지 지하층 235 주안역지하도상가 145호,0,0,match_gu
7,1025,b8622668834918728077ae4e408cb45258b8a3b808a8b68b492e9164f7408005,그루밍,"['남구', '봉선동', '1069-4']",주안동 431-1번지 2층 41호 경인상가 남구 인천광역시 KR,0,0,match_gu
8,1025,b8622668834918728077ae4e408cb45258b8a3b808a8b68b492e9164f7408005,그루밍,"['남구', '봉선동', '1069-4']",충청남도 천안시 동남구 봉명동 60-10번지 KR,5.0,1,match_gu
9,1028,ff393d6268018b71b5df2393d13e5bf12555d245d70216f3319218e764f1bc53,간식이좋아,"['북구', '두암동', '111']",광주광역시 북구 72-4 현대아파트 입구상가,5.0,1,match_gu
10,1029,173a32c12a3bb8ca2f074cc4f351d4cf691649d5c63987da263a091d94afaf86,BOB애완용품아울렛중흥점,"['북구', '중흥동', '286-5']",광주광역시 북구 중흥3동 286-5,4.0,4,match_gu
11,1031,8d2d40766dac290747bf044a1a23de618b0d2904c89a36544d39194abae65b74,슈가빈,"['북구', '각화동', '118-2']",서울특별시 성동구 행당동 346번지 해모로한진타운 제종합상가동 1층 110 110-1호,0,0,not_match
12,1035,14fe4d8b884f5061275a7809d3138cdad5abb4c4315f874d9a5d4a239c3c857a,달빛고양이네협동조합,"['서구', '풍암동', '1026']",광주광역시 서구 풍암동 풍암신흥로80번길 7-13,5.0,6,match_dong
13,1036,f6c1634167c2dfc42a038d8a5a374a83b12fc8816fc72faa795cc7b55b8a3fe9,멍스토어,"['서구', '쌍촌동', '1356-5']",화정동 74-7번지 1층 서구 광주광역시 KR,0,0,match_gu
14,1046,5ff43caf3e7d647c7354abb1f1381661c4939b00e6fd9198acb9e936d4e1dcc1,헬로우멍멍,"['서구', '금호동', '826-2']",경기도 부천시 중동 1161-3번지 KR 일신빌딩 2층 207호,0,0,not_match
15,1048,fa49ce1f6ca95208048705981f719e8222c1db2f3e64dcc59722faa898a7caa8,스타일독,"['서구', '금호동', '892-4']",경기도 부천시 원미구 소향로13번길 14-13 KR 스타일독앤켓 대맥프라자 1층,0,0,not_match
16,1048,fa49ce1f6ca95208048705981f719e8222c1db2f3e64dcc59722faa898a7caa8,스타일독,"['서구', '금호동', '892-4']",인천 서구 왕길동(산) 144-2,0,0,match_gu
17,1048,fa49ce1f6ca95208048705981f719e8222c1db2f3e64dcc59722faa898a7caa8,스타일독,"['서구', '금호동', '892-4']",대전광역시 서구 탄방동 899,0,0,match_gu
18,1049,605ee7f85726011a9aeb4ac31992f9a784f91e0215251c9d4056256739cad198,수작,"['서구', '쌍촌동', '1293-1']",인천광역시 서구 마전동 892번지 하나아파트 104동 1304호,0,0,match_gu
19,1050,1c31bcb53522e5326f562c18d8693b650757ca022b8793baa57872ca51f62c23,안다미로,"['북구', '오치동', '869-5']",대구광역시 북구 동천동 902-1,3.0,1,match_gu
20,1050,1c31bcb53522e5326f562c18d8693b650757ca022b8793baa57872ca51f62c23,안다미로,"['북구', '오치동', '869-5']",학정동 964-1번지 1층 북구 대구광역시 KR,0,0,match_gu
21,1050,1c31bcb53522e5326f562c18d8693b650757ca022b8793baa57872ca51f62c23,안다미로,"['북구', '오치동', '869-5']",대구광역시 북구 구암동 653-4번지,0,0,match_gu
22,1052,6501366fe3831a21515e1e5e877b481fe0036280436a39b5c5afd77e444368d9,오케잍,"['북구', '운암동', '1064-1']",광주광역시 북구 운암동 북문대로159번길 42,0,0,match_dong
23,1054,55c474e5f3c42a63a564162da8ba092e54520d2d14db79173db93b690c895c1e,땡칠아놀자,"['북구', '양산동', '284-10']",광주광역시 북구 양산동,0,0,match_dong
24,1055,ebd59b6c8a65d57f7ee1dbb84cc09209474f0649e19fe34b6e46a6f5e0c6d41b,펫마트,"['광산구', '신가동', '235-1']",광주광역시 광산구 송정동 718-1번지,0,0,match_gu
25,1059,1cb89d069db2bd345311838abbbb2e80dc576e7f0ea1edb284e726b650093271,야옹아멍멍해봐광주수완점,"['광산구', '수완동', '670-4']",광주광역시 광산구 수완동 670-2,0,0,match_dong
26,1060,67ad304c97c2dd47022e1bde9a9a5fa3f13d6078b06da4fbf86e5044e7b075fe,선운펫,"['광산구', '선암동', '684']",광주광역시 광산구 선암동 68-4,0,0,match_dong
27,1067,9df7cc44361f31d15f783af677cdaa57fc084d6a2bd6e75cf5399733c11ebbe3,멍멍이매점,"['동구', '성남동', '501-34']",대전광역시 동구 성남동 계족로 371,0,0,match_dong
28,1074,87f51aa0bc6d729b2e2291a75c09923fc091d7dd3dc1b6eba7a3471fdaa1f894,애견세상,"['대덕구', '중리동', '142-7']",대전광역시 대덕구 오정동,0,0,match_gu
29,1074,87f51aa0bc6d729b2e2291a75c09923fc091d7dd3dc1b6eba7a3471fdaa1f894,애견세상,"['대덕구', '중리동', '142-7']",대전광역시 대덕구 중리동,3.0,1,match_dong
30,1080,6c4dac794750e7dd8aab03bcc786acf2dd794d8d3220fd92538d5e9d65b0c5d0,참좋은애견,"['서구', '도마동', '129-16']",대전광역시 서구 도마1동,0,0,match_gu
31,1081,942a6f563d3d74a3f31b7c128e8be9682f4fc7b251d3746bcc0c7d9ea83cb8e1,도그버디,"['서구', '괴정동', '89-54']",대전광역시 서구 괴정동,0,0,match_dong
32,1083,2e6a57e12ffbdb5076d3798057c83c9fb723684a6c27cdb515e4d2faba166790,펫츠마트,"['서구', '괴정동', '63-7']",봉명동 446-4번지 1층 유성구 대전광역시 KR,5.0,1,not_match
33,1083,2e6a57e12ffbdb5076d3798057c83c9fb723684a6c27cdb515e4d2faba166790,펫츠마트,"['서구', '괴정동', '63-7']",대전광역시 괴정동,0,0,match_dong
34,1083,2e6a57e12ffbdb5076d3798057c83c9fb723684a6c27cdb515e4d2faba166790,펫츠마트,"['서구', '괴정동', '63-7']",전민동 306-8번지 1층 유성구 대전광역시 KR,0,0,not_match
35,1086,3a571a789b56ca3eddf43b84832a49357f56250edeafa880c22cb702207694cc,개이득,"['서구', '갈마동', '428-2']",갈마동 428-1번지 A동 서구 대전광역시 KR,0,0,match_dong
36,1086,3a571a789b56ca3eddf43b84832a49357f56250edeafa880c22cb702207694cc,개이득,"['서구', '갈마동', '428-2']",대전광역시 서구 갈마동 294 15번지 101호,0,0,match_dong
37,1087,3ca8a92290b50ced9bf63b776968e22ce07cc2ae43ba89fdd4b0295b17169ec4,러쉬,"['서구', '월평동', '261']",대전광역시 서구 둔산동 대덕대로 211,0,0,match_gu
38,1087,3ca8a92290b50ced9bf63b776968e22ce07cc2ae43ba89fdd4b0295b17169ec4,러쉬,"['서구', '월평동', '261']",대전광역시 서구 괴정동 423-1,0,0,match_gu
39,1091,da8be5c0c37cd3556bda6c34162bd3a88ee1f4b88a5c62df83644d83d2213c01,더펫,"['서구', '둔산동', '1012']",대전광역시 유성구 봉명동 678-5,3.8,174,not_match
40,1094,6cd8b91b19c369ab3dd77c43a7c655aa4b92794c3c8411eb6ef66e0ec3627e45,야옹아멍멍해봐관저점,"['서구', '관저동', '1013']",대전광역시 서구 관저동 관저중로96번길 21,4.1,15,match_dong
41,1095,6981a8cc707ebab8e5b5ba46c8f5cb0ac33fad0bff27989391a179bdf52c4c67,애완용품아울렛,"['서구', '관저동', '1409']",인천광역시 계양구 병방동 119-1,0,0,not_match
42,1096,b01da1f5aa2dfcdd2a224122553fbe7ca53ca43897f88f1bbdd0ffc45c618eb0,관저애견,"['서구', '관저동', '1097']",대전광역시 서구 관저동,0,0,match_dong
43,1107,01714b65ec2ad668019594d169a045701cfb9cb8bebb161c3802e4f679240303,조이펫,"['유성구', '봉명동', '1029-3']",경기도 화성시 향남읍 평리 81-80번지,0,0,not_match
44,1107,01714b65ec2ad668019594d169a045701cfb9cb8bebb161c3802e4f679240303,조이펫,"['유성구', '봉명동', '1029-3']",경기도 화성시 향남읍 평리 82-3,5.0,2,not_match
45,1107,01714b65ec2ad668019594d169a045701cfb9cb8bebb161c3802e4f679240303,조이펫,"['유성구', '봉명동', '1029-3']",경기도 평택시 신장동 301-32,0,0,not_match
46,1109,cead8127b40451e1c4554939eaf6af51e85f60f9b24b28ab5309e89634013c24,펫박스,"['유성구', '대정동', '300-1']","67, 대정로 유성구 대전광역시",5.0,1,match_gu
47,1110,5b7672ea5bfd8572b01484b62cc35f032086415cab6e3265cdf85c6030b9bfa9,개밥주는남자,"['유성구', '지족동', '912-15']",지족동 912-16번지 103호 유성구 대전광역시 KR,0,0,match_dong
48,1115,ffd1c02c2583e44f900024f54a29e83c4837e50b75dd508a922d2cc72f012ebb,강아지풀애견,"['유성구', '봉명동', '464-22']",대전광역시 유성구 봉명동,0,0,match_dong
49,1117,60fbaf14dfcbc9f288113b498051a10a79bfc07adb404fed882e6dd110712a05,안녕나비야,"['유성구', '장대동', '284-2']",장대동 283-4번지 1111호 갤러리빌2차아파트 유성구 대전광역시 KR,0,0,match_dong
50,1125,e528d943e2a50a04ac1c4b44648692d6d00685825167f0d383a8f2c78a62889d,유니펫마트,"['유성구', '계산동', '733']",대전광역시 유성구 계산동 학하남로 32,5.0,1,match_dong
51,1128,cd7a6948e741faed18fa71d333cbef6ebe55b3155796d78d208bf7ecab90a609,크리점빵,"['중구', '유곡동', '486-5']",울산광역시 중구 병영1동 종가2길 28,0,0,match_gu
52,1130,e4b985f00e044127ae3eb53701307ecfc9febb07fca9f5001c306bdeb724d9a0,장보는강아지와고양이,"['남구', '삼산동', '1377-12']",울산광역시 남구 삼산동 번영로250번길,0,0,match_dong
53,1139,ef439888fe3e7e115ecbcb280dee4eab9b4ae4486f1c3f9ab0546da085c10bd1,펫월드,"['남구', '달동', '913-2']",울산광역시 남구 달동,3.8,5,match_dong
54,1139,ef439888fe3e7e115ecbcb280dee4eab9b4ae4486f1c3f9ab0546da085c10bd1,펫월드,"['남구', '달동', '913-2']",광주광역시 북구 용봉동 설죽로 258,4.1,20,not_match
55,1142,0f305066b07e78abbbec73980f074b5e7d1a6c66d5b4e31b0a3877c16d68f936,펫1번가,"['남구', '야음동', '371-43']",울산광역시 야음장생포동,0,0,not_match
56,1153,31eb653d539f51af8edc71888564c75e47f9c1b0085d57baf69a429b42c8cf91,하와이안캣,"['수원시', '장안구', '정자동', '534-16']","경기도 수원시 장안구 파장로 87, 3층",4.4,5,match_dong
57,1156,a7857f6f5bfd2a7e975f18de2df0904f17ecc9d602cf57c445b1f996269032e0,디저트분양소,"['수원시', '장안구', '정자동', '535-11']",경기도 수원시 장안구 율전동 399-17번지 KR 102호,0,0,match_dong
58,1166,5ddae36884a2c432cfd36734a339f44120ed0edccec0a7d60554e32df33e1240,아이펫,"['수원시', '영통구', '이의동', '1270-2']",권선구 세류동 831-8번지 1층 수원시 경기도 KR,0,0,match_gu
59,1167,77bc1dd6f94e54371c7f1e0451e88bfce8e01500bd8b6833352cdcdd2fb63a2e,굿보이,"['수원시', '영통구', '이의동', '1352-1']",경기도 수원시 팔달구 인계동 1127-1,5.0,2,match_gu
60,1176,3d51a1bd80678b8a0f0e1e2adcd4bc42bb6db9b8db4ff769b3f670c31273960a,강아지풀,"['수원시', '영통구', '매탄동', '1352']",경기도 수원시 영통구 매탄3동 1352,0,0,match_dong
61,1179,66d1f6c2771141b13ea4ae143c5c60d1918376ef608edac4a1b6419cb4574e6e,제로팻매탄점,"['수원시', '영통구', '매탄동', '208-75']",경기도 수원시 영통구 매탄4동,0,0,match_dong
62,1181,7755a33a583fbb800ca0b13993e8f0581bf8e371942aabeaaedc652491da5c05,알라딘펫,"['수원시', '권선구', '곡반정동', '516-8']",경기도 수원시 권선구 탑동 812-7번지 1층,0,0,match_dong
63,1182,dc4a0f93cdab12d9ab5086b1f4e50ef02aec8f7cf4c1181fefedd220960924bb,일루앤코,"['수원시', '권선구', '곡반정동', '594-8']",일산서구 덕이동 796-2번지 2층 고양시 경기도 KR,0,0,not_match
64,1182,dc4a0f93cdab12d9ab5086b1f4e50ef02aec8f7cf4c1181fefedd220960924bb,일루앤코,"['수원시', '권선구', '곡반정동', '594-8']",문발동 513-15번지 4층 2호 열림원 파주시 경기도 KR,0,0,not_match
65,1204,eb134c4f55899ebb88d5b119d7873d3c0faedc5386f3962e9543670475a39627,빠뉴엘로,"['화성시', '안녕동', '49-6']",경기도 화성시 화산동 49-38,5.0,1,match_gu
66,1207,22dd7137a15d3edec090099dc6e8dbf614e296681134e5b49f7c69343bcd45d8,고양이용품샵,"['수원시', '영통구', '영통동', '273-1']",경기도 용인시 기흥구 마북동,0,0,not_match
67,1208,c1d283df85e91bfc762442fa8d1fe3dd533a743ecfd2ecd2f4fd29057993122c,위드퍼피,"['수원시', '영통구', '영통동', '1041-14']",경기도 수원시 영통구 영통1동 1041-14,4.5,2,match_dong
68,1213,cfc2a624d3e5e058156952f475f6f555fe22b3642b2661b9b62301fa3d594e33,다우리,"['성남시', '수정구', '창곡동', '544-2']",경기도 성남시 수정구 신흥동 5487-2번지 1호,0,0,match_dong
69,1213,cfc2a624d3e5e058156952f475f6f555fe22b3642b2661b9b62301fa3d594e33,다우리,"['성남시', '수정구', '창곡동', '544-2']",분당구 정자동 127-3번지 성남시 경기도 KR,0,0,match_gu
70,1213,cfc2a624d3e5e058156952f475f6f555fe22b3642b2661b9b62301fa3d594e33,다우리,"['성남시', '수정구', '창곡동', '544-2']",분당구 정자동 181번지 상가동 지하1층 상록마을보성4단지아파트 성남시 경기도 KR,0,0,match_gu
71,1213,cfc2a624d3e5e058156952f475f6f555fe22b3642b2661b9b62301fa3d594e33,다우리,"['성남시', '수정구', '창곡동', '544-2']",경기도 성남시 수정구 위례 서일 로 1 길 22-6,4.2,21,match_dong
72,1213,cfc2a624d3e5e058156952f475f6f555fe22b3642b2661b9b62301fa3d594e33,다우리,"['성남시', '수정구', '창곡동', '544-2']",경기도 성남시 중원구 중앙동 3147,0,0,match_gu
73,1213,cfc2a624d3e5e058156952f475f6f555fe22b3642b2661b9b62301fa3d594e33,다우리,"['성남시', '수정구', '창곡동', '544-2']",경기도 성남시 수정구 신흥2동 933,0,0,match_dong
74,1217,5bf556b75e86d8730c893a1971f99abfadc2a25ed60f37b92cbf221bc36c6e69,펫트코리아,"['성남시', '수정구', '금토동', '64-1']",수정구 상적동 96-2번지 성남시 경기도 KR,0,0,match_dong
75,1217,5bf556b75e86d8730c893a1971f99abfadc2a25ed60f37b92cbf221bc36c6e69,펫트코리아,"['성남시', '수정구', '금토동', '64-1']",경기도 광주시 삼동 254-3,4.5,2,not_match
76,1234,bcb591c5ae4d5d245cac149a0d4fc40c53bafa791b701e7549dd2f9883903ae4,켄과콩나무,"['화성시', '반송동', '48-1']",경기도 화성시 능동 동탄지성로,0,0,match_gu
77,1238,4e1c5fb4d98fa352b618fc806463ed6a5e21f740b407fc755b9e4397f43a08ab,펫파라다이스,"['성남시', '중원구', '상대원동', '190-1']",경기도 성남시 분당구 정자동 27,0,0,match_gu
78,1244,aa1c38e3bbbb2d9ce9c80373a4b374c844d2a8162200c6785fda61ee937c201d,몽몽이,"['강남구', '율현동', '251-5']",논현동 160-6번지 1층 강남구 서울특별시 KR,0,0,match_gu
79,1245,721c8199255f972bf57539ebe64422cfd244b3101b9b2eb316472367e1c9094f,분당곤충마을,"['성남시', '분당구', '야탑동', '518']",경기도 성남시 분당구 야탑1동,3.8,5,match_dong
80,1246,d3a854ba55a9ca78c6ec5b6fb1c5acea2f9dc2c947cf07c36bc26558d3039976,반해,"['성남시', '분당구', '삼평동', '698']",경기도 성남시 수정구 태평동 번지 1층 3693-19 KR,0,0,match_gu
81,1247,d861ab2438b232589a563253d258a829a97f5f700d2ad2d53211f1e4b8d5fba2,장보는강아지와고양이,"['성남시', '분당구', '율동', '111-7']",분당구 금곡동 354-6번지 성남시 경기도 KR,3.5,4,match_dong
82,1247,d861ab2438b232589a563253d258a829a97f5f700d2ad2d53211f1e4b8d5fba2,장보는강아지와고양이,"['성남시', '분당구', '율동', '111-7']",문정동 85번지 103호 어은회관 송파구 서울특별시 KR,0,0,not_match
83,1247,d861ab2438b232589a563253d258a829a97f5f700d2ad2d53211f1e4b8d5fba2,장보는강아지와고양이,"['성남시', '분당구', '율동', '111-7']",서울특별시 강남구 대치동 994-6번지 수안빌딩,3.7,3,not_match
84,1247,d861ab2438b232589a563253d258a829a97f5f700d2ad2d53211f1e4b8d5fba2,장보는강아지와고양이,"['성남시', '분당구', '율동', '111-7']",경기도 용인시 수지구 신봉동 19-4번지 1층,0,0,not_match
85,1247,d861ab2438b232589a563253d258a829a97f5f700d2ad2d53211f1e4b8d5fba2,장보는강아지와고양이,"['성남시', '분당구', '율동', '111-7']",경기도 수원시 장안구 파장동 266-8,3.9,10,not_match
86,1247,d861ab2438b232589a563253d258a829a97f5f700d2ad2d53211f1e4b8d5fba2,장보는강아지와고양이,"['성남시', '분당구', '율동', '111-7']",서초동 1342-6번지 서초구 서울특별시 KR,4.0,2,not_match
87,1247,d861ab2438b232589a563253d258a829a97f5f700d2ad2d53211f1e4b8d5fba2,장보는강아지와고양이,"['성남시', '분당구', '율동', '111-7']",경기도 용인시 기흥구 보라동 376-17,3.0,1,not_match
88,1247,d861ab2438b232589a563253d258a829a97f5f700d2ad2d53211f1e4b8d5fba2,장보는강아지와고양이,"['성남시', '분당구', '율동', '111-7']",곤지암읍 삼리 96-1번지 광주시 경기도 KR,0,0,not_match
89,1247,d861ab2438b232589a563253d258a829a97f5f700d2ad2d53211f1e4b8d5fba2,장보는강아지와고양이,"['성남시', '분당구', '율동', '111-7']",경기도 용인시 처인구 역삼동 중부대로 1160,4.3,6,not_match
90,1249,515ae7e58b2566f2e5542b93b319c2f7b3f42d6c714f051258b3583a717ecee9,디앤씨,"['성남시', '분당구', '서현동', '245-1']",경기도 성남시 수정구 신흥2동 2463-4,0,0,match_gu
91,1249,515ae7e58b2566f2e5542b93b319c2f7b3f42d6c714f051258b3583a717ecee9,디앤씨,"['성남시', '분당구', '서현동', '245-1']",경기도 성남시 중원구 상대원1동 190-1,0,0,match_gu
92,1249,515ae7e58b2566f2e5542b93b319c2f7b3f42d6c714f051258b3583a717ecee9,디앤씨,"['성남시', '분당구', '서현동', '245-1']",경기도 성남시 분당구 수내동 11-1번지 1117호,0,0,match_dong
93,1249,515ae7e58b2566f2e5542b93b319c2f7b3f42d6c714f051258b3583a717ecee9,디앤씨,"['성남시', '분당구', '서현동', '245-1']",중원구 상대원동 223-12번지 108호 성남시 경기도 KR,0,0,match_gu
94,1249,515ae7e58b2566f2e5542b93b319c2f7b3f42d6c714f051258b3583a717ecee9,디앤씨,"['성남시', '분당구', '서현동', '245-1']",경기도 성남시 분당구 이매1동 106-6,0,0,match_dong
95,1249,515ae7e58b2566f2e5542b93b319c2f7b3f42d6c714f051258b3583a717ecee9,디앤씨,"['성남시', '분당구', '서현동', '245-1']",경기도 성남시 분당구 정자동,0,0,match_dong
96,1249,515ae7e58b2566f2e5542b93b319c2f7b3f42d6c714f051258b3583a717ecee9,디앤씨,"['성남시', '분당구', '서현동', '245-1']",경기도 성남시 분당구 금곡동 210,0,0,match_dong
97,1249,515ae7e58b2566f2e5542b93b319c2f7b3f42d6c714f051258b3583a717ecee9,디앤씨,"['성남시', '분당구', '서현동', '245-1']",경기도 성남시 분당구 구미동 189-1,0,0,match_dong
98,1249,515ae7e58b2566f2e5542b93b319c2f7b3f42d6c714f051258b3583a717ecee9,디앤씨,"['성남시', '분당구', '서현동', '245-1']",분당구 판교동 622번지 104호 판교원마을단지내상가 성남시 경기도 KR,0,0,match_dong
99,1249,515ae7e58b2566f2e5542b93b319c2f7b3f42d6c714f051258b3583a717ecee9,디앤씨,"['성남시', '분당구', '서현동', '245-1']",경기도 성남시 중원구 도촌동,0,0,match_gu
100,1249,515ae7e58b2566f2e5542b93b319c2f7b3f42d6c714f051258b3583a717ecee9,디앤씨,"['성남시', '분당구', '서현동', '245-1']",경기도 성남시 수정구 복정동 194-1,0,0,match_gu
101,1249,515ae7e58b2566f2e5542b93b319c2f7b3f42d6c714f051258b3583a717ecee9,디앤씨,"['성남시', '분당구', '서현동', '245-1']",경기도 성남시 중원구 하대원동,0,0,match_gu
102,1249,515ae7e58b2566f2e5542b93b319c2f7b3f42d6c714f051258b3583a717ecee9,디앤씨,"['성남시', '분당구', '서현동', '245-1']",경기도 성남시 분당구 삼평동,0,0,match_dong
103,1258,b7c1686659cbaed89bd924b83d5321820b1887d8ec88a1aeea96b849afe65569,도그홀릭,"['성남시', '분당구', '판교동', '637']",경기도 성남시 분당구 정자동 168-1,0,0,match_dong
104,1260,e85118d2a0e6107fdf8366336b6f4701d972de471b2176a7bbe3909160e92156,파라키스쇼룸,"['성남시', '분당구', '백현동', '596-1']",경기도 성남시 백현동 596-1 KR,0,0,match_gu
105,1265,be821b8743d44f929510cd93c67fe76431c391861bd1288a12ecb893ef5123aa,투핸즈,"['성남시', '분당구', '서현동', '340-3']",경기도 성남시 분당구 서현1동 255-1,0,0,match_dong
106,1265,be821b8743d44f929510cd93c67fe76431c391861bd1288a12ecb893ef5123aa,투핸즈,"['성남시', '분당구', '서현동', '340-3']",서울특별시 용산구 한남동 이태원로 294,4.7,9,not_match
107,1277,c8689ae6e6c4d10ef8fab79dbcdfa551527b964da3a517efbe7ff4ca029d5860,케이엘테크,"['의정부시', '용현동', '529-6']",경기도 양주시 백석읍 방성리,0,0,not_match
108,1289,29df9e071d33f20ae81fd9fe228e43ef5dc7747db86edec56a43cafeaf9edcc3,애니몰,"['광주시', '오포읍', '능평리', '453-5']",경기도 고양시 덕양구 성사동 704-10,0,0,not_match
109,1289,29df9e071d33f20ae81fd9fe228e43ef5dc7747db86edec56a43cafeaf9edcc3,애니몰,"['광주시', '오포읍', '능평리', '453-5']",번동 458-46번지 1층 강북구 서울특별시 KR,3.0,1,not_match
110,1292,f1f2aee0586baf474cce46e109c0685b4386eb29de5e1d48c9c5accc31d3fbcc,개밥주는남자,"['의정부시', '의정부동', '199-10']",경기도 의정부시 의정부동 199-9,0,0,match_dong
111,1299,3c6df24d0dc7a0f63c5bb8b187144df741f420cb5d442d20a484ebb2d6382b6d,듀펫,"['의정부시', '의정부동', '495']",경기도 의정부시 녹양동 146-38,0,0,match_gu
112,1309,cd2fc0cd46175220e1f91fce1d93094d4e457099e81103f0480420ea6671f449,어린이동물원,"['안양시', '만안구', '안양동', '518-24']",인천광역시 남동구 장수동 595-4,4.2,518,not_match
113,1309,cd2fc0cd46175220e1f91fce1d93094d4e457099e81103f0480420ea6671f449,어린이동물원,"['안양시', '만안구', '안양동', '518-24']",대야동 460-10번지 시흥시 경기도 KR,0,0,not_match
114,1311,2e5370c0b8791d0ac60a2785fc37a3e49ea02c39abbfb83ee0f039e3f6a12289,오마주,"['안양시', '만안구', '안양1동', '97-3']",동안구 호계동 555-9번지 1층 안양시 경기도 KR,0,0,match_gu
115,1315,f934be54f1a4ac91855786b646932000cc88aa5b8b7131d8d947e805a70bb83d,산본팻애견용품할인마트,"['군포시', '산본동', '79-69']",경기도 군포시 산본1동 79-69,2.0,1,match_gu
116,1316,d4e2d6746069dcea0042746bd686161acbb625046212aaf8244a352292b01fc6,유토피아,"['안양시', '동안구', '비산동', '1108']",경기도 안양시 만안구 안양동 627-26,0,0,match_gu
117,1316,d4e2d6746069dcea0042746bd686161acbb625046212aaf8244a352292b01fc6,유토피아,"['안양시', '동안구', '비산동', '1108']",경기도 안양시 만안구 안양동 번지 2층 429-16 KR,0,0,match_gu
118,1316,d4e2d6746069dcea0042746bd686161acbb625046212aaf8244a352292b01fc6,유토피아,"['안양시', '동안구', '비산동', '1108']",서울특별시 구로구 구로동 186-7,3.4,358,not_match
119,1318,6dc3933d765cf1457c27828e54d96489dde9239d372660815a164156508b7ddb,투스투스,"['군포시', '산본동', '1240']",서울특별시 용산구 한강로동 한강대로 170 2층,5.0,1,not_match
120,1325,be97354a44c7a5f255078cf8422010639cd48442ea7376dd6953f2956d04a0a1,도그샵,"['양주시', '광사동', '672-8']",서울특별시 노원구 공릉1.3동 727,0,0,not_match
121,1325,be97354a44c7a5f255078cf8422010639cd48442ea7376dd6953f2956d04a0a1,도그샵,"['양주시', '광사동', '672-8']",응암동 335-14번지 은평구 서울특별시 KR,0,0,not_match
122,1331,0d3379bc172c6cbe04b3d147732169d9dc2fbef334c8e124000119c9249a085c,관양펫애견용품할인마트,"['안양시', '동안구', '관양동', '1465-30']",경기도 안양시 동안구 관악대로 400,4.1,21,match_dong
123,1333,7b8d7b1e807c0f492ab19a2de46f45b62db02eabe16494d8a314b4177d4bb2e0,프롬펫,"['안양시', '동안구', '관양동', '1802']",경기도 안양시 동안구 관양2동 벌말로,0,0,match_dong
124,1334,b5385db66aec8b6db49a839baeca16ac3f5f93356944aa6dc485f5b8fa0ac4b9,예쁜강아지,"['의왕시', '포일동', '537-6']",경기도 의왕시 내손동,0,0,match_gu
125,1336,52db3e83a188b444625166f526bb1e13f2768948b9fafa3f3a978d2f8766e2da,하룻강아지,"['의왕시', '내손동', '676-6']",경기도 안양시 동안구 관양동 관악대로 400,0,0,not_match
126,1336,52db3e83a188b444625166f526bb1e13f2768948b9fafa3f3a978d2f8766e2da,하룻강아지,"['의왕시', '내손동', '676-6']",시흥동 802-32번지 1층 금천구 서울특별시 KR,0,0,not_match
127,1342,eb2b03f5273ec760e7dbc46a03ad85feb913318e34d6e385338448d2348c6957,더펫마트,"['안산시', '상록구', '장상동', '417-18']",경기 안산시 상록구 팔곡1동 607,0,0,match_dong
128,1343,be26d7f3415bb91138d466aa80de1763143e94645bb6aaab8a639e6dc83750bd,딩동이네,"['안산시', '상록구', '장상동', '417-15']",경기도 안산시 상록구 동막1길 5 동막1길 5 상록구 안산시 경기도 KR 15201,0,0,match_dong
129,1344,6d3926278742ae3e84fa87d593c7f728cbaa63eb764f3641e15a44dbf57ceb9b,펫스토리,"['시흥시', '논곡동', '228-12']",경기도 시흥시 정왕동 2326-1,0,0,match_gu
130,1351,9d9ae45ed567f3e0bab3747a221d731dff18c026cd1050ce10c968b33f6bfd66,강사모백화점,"['부천시', '소사본동', '230-18']",삼정동 60-40번지 부천시 경기도 KR,0,0,match_gu
131,1356,340e6ea6fddfdf0903a852a82bdffa2107df013144b6692d238845453c235e3e,독마마,"['부천시', '작동', '131-2']",괴안동 91-16번지 1층 부천시 경기도 KR,0,0,match_gu
132,1359,4f16faaf2dc9541ea0bd94fa836475ae91df79250e6fd396eb6e946efc9f5930,에코노블,"['부천시', '원미동', '46-19']",원종동 69-6번지 101동 103호 제이파크빌 부천시 경기도 KR,0,0,match_gu
133,1364,a7148f04a1f93b3fe599aaedcf552c8f659db61d1c539da512431dab539702d3,복뎅이애견,"['부천시', '소사본동', '231-9']",경기도 부천시 소사구 소사본1동 231-4,4.5,2,match_gu
134,1365,c9e5d5cf43a83b7fda8bcde82378d6957f17290534cbe7fba899d7d6963473c3,스카겐코리아,"['부천시', '춘의동', '200-1']",삼정동 36-1번지 401동 308호 부천시 경기도 KR,0,0,match_gu
135,1366,e3ce70c8b5befafbec55d2c1cc6b396cc71bc2219b03620ddb56660f4e9777f6,펫코디디자인연구소,"['부천시', '작동', '430-3']",경기도 부천시 오정구 성곡동 까치로20번길,0,0,match_gu
136,1368,20ff3b12a6e28c561129f986c2061714de551978d6fff895bbec4a5dead8d201,허니펫,"['부천시', '여월동', '316']",서울특별시 중랑구 묵동 182-21,0,0,not_match
137,1376,839bb55752a26ae3666ad5de9ce86422369b94a9e356f7af515e133d35d6b7ab,로또애견용품할인매장,"['평택시', '세교동', '426-1']",경기도 평택시 세교동,5.0,1,match_dong
138,1378,524ab84a8c2d58566b8bb8c0ac3c003bf9f0d96666bd19c26908144f2f975f11,펫클럽평택법원점,"['평택시', '동삭동', '705-10']",경기도 평택시 평남로 1013 KR 동소빌딩,0,0,match_gu
139,1389,37f87bb803c0087b93f37236d8d4d785b23137be0150d9bd59758d5a6e6553f8,동남사료,"['평택시', '통복동', '55-4']",평택시 통복동,0,0,match_dong
140,1401,05438ce94ca7d142fd052e5be24a33fab142e90b96e52ece1af52076e9b2fde7,안나펫,"['평택시', '신장동', '245-4']",서정동 590-96번지 평택시 경기도 KR,0,0,match_gu
141,1403,9258cc9c044e4686996fb58ee3e8ae8a584627444fc18d8719b2c23554bc84a4,건강하개,"['평택시', '합정동', '753-1']",평택시 합정동,0,0,match_dong
142,1403,9258cc9c044e4686996fb58ee3e8ae8a584627444fc18d8719b2c23554bc84a4,건강하개,"['평택시', '합정동', '753-1']",팔달구 인계동 1003-9번지 수원시 경기도 KR,0,0,not_match
143,1411,d21bcb20693ce4e45c0cf8a311108e9b1c900853cb71ac54abcc951c237d6d0a,캣팡,"['포천시', '소흘읍', '송우리', '613-9']",경기도 포천시 소흘읍 송우로 215-39 KR 첫번째창고,4.0,4,match_dong
144,1412,af194f098712fcf6bbbabef87309416dfd333d8fa010faf24a3325e7a61c407b,멍냥스토리,"['양주시', '옥정동', '963-10']",한길프라자 403호 옥정로 204 양주시 경기도 KR,3.7,11,match_gu
145,1415,e68144cd9177b08d9ac5e0e24d7f9b38f0c3118dce6d9b88a8d9605341c73863,반짝,"['양주시', '광적면', '가납리', '179-3']",경기도 양주시 삼숭동 686-1번지 KR자이1단지아파트 108동 1505호,0,0,match_gu
146,1420,f5c6ab7d5caa247293523b3e7af8301e188b31e45a6c7d787aee192da0f9a433,오성파트너스포천지점,"['포천시', '어룡동', '149-2']",경기 포천시 설운동 149-4,0,0,match_gu
147,1430,b19a239d667daa85ed1d30c8e6dc6294ff4d86aff1625d12191c85ec445ba315,장보는강아지와고양이,"['아산시', '둔포면', '석곡리', '1788']",충청남도 아산시 음봉면 덕지리 64,0,0,match_gu
148,1430,b19a239d667daa85ed1d30c8e6dc6294ff4d86aff1625d12191c85ec445ba315,장보는강아지와고양이,"['아산시', '둔포면', '석곡리', '1788']",충청남도 천안시 서북구 직산읍 수헐리 41-44,5.0,1,not_match
149,1430,b19a239d667daa85ed1d30c8e6dc6294ff4d86aff1625d12191c85ec445ba315,장보는강아지와고양이,"['아산시', '둔포면', '석곡리', '1788']",동삭동 386-16번지 1층 상가 평택시 경기도 KR,0,0,not_match
150,1430,b19a239d667daa85ed1d30c8e6dc6294ff4d86aff1625d12191c85ec445ba315,장보는강아지와고양이,"['아산시', '둔포면', '석곡리', '1788']",경기도 안성시 가현동 108-5,3.4,5,not_match
151,1430,b19a239d667daa85ed1d30c8e6dc6294ff4d86aff1625d12191c85ec445ba315,장보는강아지와고양이,"['아산시', '둔포면', '석곡리', '1788']",경기도 용인시 기흥구 신갈동 용구대로2145번길 20,4.2,64,not_match
152,1446,b22fd56c557c1211339e0607dfe09993e62193e374cbfe2e682c3c6eb3d982f9,퍼피랜드,"['안산시', '상록구', '본오동', '813-14']",경기도 안산시 상록구 본오3동 813-14,0,0,match_dong
153,1453,7a6dd372ac5ac6838ff02de216d73daddc540f90024e94cecf457b1702bfcd8e,오신,"['안산시', '상록구', '일동', '92-4']",단원구 원곡동 994-5번지 안산시 경기도 KR,0,0,match_gu
154,1453,7a6dd372ac5ac6838ff02de216d73daddc540f90024e94cecf457b1702bfcd8e,오신,"['안산시', '상록구', '일동', '92-4']",경기도 안산시 상록구 본오동 841,0,0,match_dong
155,1456,e20536582c263ca0b0a97c0731870d5b3d111b9e5a154eba40a53a91d7f518b8,애견용품할인매장,"['파주시', '법원읍', '대능리', '95-25']",경기도 고양시 일산서구 탄현동 고봉로 419,3.7,34,not_match
156,1456,e20536582c263ca0b0a97c0731870d5b3d111b9e5a154eba40a53a91d7f518b8,애견용품할인매장,"['파주시', '법원읍', '대능리', '95-25']",경기도 용인시 기흥구 신갈동 70-6,4.0,1,not_match
157,1456,e20536582c263ca0b0a97c0731870d5b3d111b9e5a154eba40a53a91d7f518b8,애견용품할인매장,"['파주시', '법원읍', '대능리', '95-25']",인천광역시 서구 석남1동 457-6,3.0,1,not_match
158,1456,e20536582c263ca0b0a97c0731870d5b3d111b9e5a154eba40a53a91d7f518b8,애견용품할인매장,"['파주시', '법원읍', '대능리', '95-25']",창신동 315-1번지 1층 종로구 서울특별시 KR,0,0,not_match
159,1456,e20536582c263ca0b0a97c0731870d5b3d111b9e5a154eba40a53a91d7f518b8,애견용품할인매장,"['파주시', '법원읍', '대능리', '95-25']",금호동1가 513번지 성동구 서울특별시 KR,0,0,not_match
160,1456,e20536582c263ca0b0a97c0731870d5b3d111b9e5a154eba40a53a91d7f518b8,애견용품할인매장,"['파주시', '법원읍', '대능리', '95-25']",망원동 422-15번지 1층 좌측 마포구 서울특별시 KR,0,0,not_match
161,1456,e20536582c263ca0b0a97c0731870d5b3d111b9e5a154eba40a53a91d7f518b8,애견용품할인매장,"['파주시', '법원읍', '대능리', '95-25']",심곡본동 701-8번지 1층 부천시 경기도 KR,0,0,not_match
162,1456,e20536582c263ca0b0a97c0731870d5b3d111b9e5a154eba40a53a91d7f518b8,애견용품할인매장,"['파주시', '법원읍', '대능리', '95-25']",서울특별시 중랑구 상봉동 137-1번지 1층,0,0,not_match
163,1456,e20536582c263ca0b0a97c0731870d5b3d111b9e5a154eba40a53a91d7f518b8,애견용품할인매장,"['파주시', '법원읍', '대능리', '95-25']",신림동 587-120번지 신림동 1층 관악구 서울특별시 KR,0,0,not_match
164,1456,e20536582c263ca0b0a97c0731870d5b3d111b9e5a154eba40a53a91d7f518b8,애견용품할인매장,"['파주시', '법원읍', '대능리', '95-25']",동안구 비산동 412-7번지 1층 안양시 경기도 KR,0,0,not_match
165,1456,e20536582c263ca0b0a97c0731870d5b3d111b9e5a154eba40a53a91d7f518b8,애견용품할인매장,"['파주시', '법원읍', '대능리', '95-25']",경기도 하남시 천현동 209-1번지,0,0,not_match
166,1471,e2ae1bd29581009b6a2f8d452b60a72a9f4af5efea824c4af2f6cb78c0c1e50f,펫마트안산점,"['안산시', '단원구', '선부동', '1071-8']",경기도 안산시 단원구 선부1동 1071-8,3.9,42,match_dong
167,1472,cb8c50bdf5e69397ecbf58835b62f418c7bac3531c2e9b64d3b0ec52767a3b66,씨앤디마이크로,"['안산시', '단원구', '초지동', '649-4']",인천광역시 부평구 청천2동 177,0,0,not_match
168,1485,af7401879e2417568a7616f4658694420688f464be0f29323500fa36ca6833d8,펫존,"['고양시', '덕양구', '행신동', '950']",경기도 고양시 일산서구 대화동 2202-1,0,0,match_gu
169,1485,af7401879e2417568a7616f4658694420688f464be0f29323500fa36ca6833d8,펫존,"['고양시', '덕양구', '행신동', '950']",경기도 고양시 일산동구 식사동 고양대로 1008,1.0,1,match_gu
170,1485,af7401879e2417568a7616f4658694420688f464be0f29323500fa36ca6833d8,펫존,"['고양시', '덕양구', '행신동', '950']",풍무동 41-5번지 1호 김포시 경기도 KR,0,0,not_match
171,1485,af7401879e2417568a7616f4658694420688f464be0f29323500fa36ca6833d8,펫존,"['고양시', '덕양구', '행신동', '950']",서울특별시 강동구 천호동 461-49번지 1층,0,0,not_match
172,1486,44311a9d2ab1ea4929ea1e6202e859ea6ef762870ce9fbe3f18276de166fbc39,펫스토어,"['고양시', '덕양구', '성사동', '519-28']",중화동 281-33번지 1층 중랑구 서울특별시 KR,5.0,1,not_match
173,1493,785990f721713633d9573933f99e52e4171d9f4b8b21e95cf35eb7633342362d,몽스토리,"['시흥시', '장현동', '540']",031-311-5046,0,0,not_match
174,1497,9daa6706727196d4fdaa106b92ecb7611bd12b9c147724eb3de7e149a0ca9500,애견용품창고형할인매장,"['시흥시', '정왕동', '2320-2']",경기도 시흥시 정왕본동 2320-2,3.6,69,match_gu
175,1515,c2f5c5c683537b523ef6cb1959d4c684bfc965ce2b29398cc74b2efc34ea9c94,동물적감각,"['고양시', '일산동구', '중산동', '1560-3']",경기도 고양시 일산동구 탄중로 311-16 1층,0,0,match_dong
176,1518,34a18cc940c3ea1549fdb1dcac34af7e7a05e015c7d4239c537281a9fb974e56,데이원,"['고양시', '일산동구', '문봉동', '210-1']",일산서구 대화동 2278-7번지 302호 고양시 경기도 KR,0,0,match_gu
177,1518,34a18cc940c3ea1549fdb1dcac34af7e7a05e015c7d4239c537281a9fb974e56,데이원,"['고양시', '일산동구', '문봉동', '210-1']",경기도 고양시 일산동구 고봉동 문봉길 80-5,0,0,match_dong
178,1522,9bc6629aa3052d2cfdff60c39a9c44222e7aeb1268d7e4565a98625057f45c56,마쯔리코리아,"['고양시', '일산동구', '설문동', '705-4']",경기도 파주시 송촌동 556-37 KR,5.0,2,not_match
179,1525,7cf2618095791e3cee84ab7ac47d9904ea1866e1bc4ebe62e669063c8eac9bcb,펫토리,"['고양시', '일산동구', '문봉동', '116-2']",상동 328번지 1층 부천시 경기도 KR,0,0,not_match
180,1534,d968a20d88d3b7c10f0f400d9ee152af804f418b4d3b9f70765019ff03bf1f1e,코리아독스,"['고양시', '일산동구', '식사동', '741-10']",일산동구 성석동 산129-12번지 가동 고양시 경기도 KR,0,0,match_dong
181,1535,8186f25ffc53832e8c8ef306331be928ec11d054f826fd162058ff3ec413671e,간식곳간,"['고양시', '일산동구', '장항동', '869']",경기도 고양시 일산동구 백마로 195 SK M City 드라마파크 B1165,4.5,2,match_dong
182,1547,6cad73ac1d6afb69475bf849cbe797e84859343a3c720a52699edcdb377cdfba,쁘띠펫,"['고양시', '일산서구', '대화동', '2025-9']",일산서구 덕이동 263-19번지 106호 고양시 경기도 KR,0,0,match_dong
183,1548,0a041b8c4fb6395891bd1b06412569b4dcc48e133f83613df8379cc7c94c4216,굿프랜드,"['고양시', '일산서구', '가좌동', '633-1']",경기도 고양시 일산서구 탄현동,0,0,match_dong
184,1548,0a041b8c4fb6395891bd1b06412569b4dcc48e133f83613df8379cc7c94c4216,굿프랜드,"['고양시', '일산서구', '가좌동', '633-1']",경기도 고양시 일산서구 일산동 940-77,3.5,2,match_dong
185,1548,0a041b8c4fb6395891bd1b06412569b4dcc48e133f83613df8379cc7c94c4216,굿프랜드,"['고양시', '일산서구', '가좌동', '633-1']",경기도 고양시 덕양구 토당동 1,0,0,match_gu
186,1548,0a041b8c4fb6395891bd1b06412569b4dcc48e133f83613df8379cc7c94c4216,굿프랜드,"['고양시', '일산서구', '가좌동', '633-1']",경기도 고양시 일산동구 정발산동 1175,0,0,match_gu
187,1548,0a041b8c4fb6395891bd1b06412569b4dcc48e133f83613df8379cc7c94c4216,굿프랜드,"['고양시', '일산서구', '가좌동', '633-1']",경기도 고양시 덕양구 주교동 568-1,0,0,match_gu
188,1548,0a041b8c4fb6395891bd1b06412569b4dcc48e133f83613df8379cc7c94c4216,굿프랜드,"['고양시', '일산서구', '가좌동', '633-1']",경기도 고양시 덕양구 고양동 56-2번지 KR,0,0,match_gu
189,1548,0a041b8c4fb6395891bd1b06412569b4dcc48e133f83613df8379cc7c94c4216,굿프랜드,"['고양시', '일산서구', '가좌동', '633-1']",서울특별시 신사2동,0,0,not_match
190,1552,3be823bd6723a6c376bed775bd4ff1515289fa248cd43f8ccc3f9108137de466,닥터95,"['고양시', '일산서구', '구산동', '24-1']",경기도 고양시 일산서구 가좌동 548,5.0,1,match_dong
191,1554,df0f3e92305544e4bc9129e207f2bc0b594dc379246c15ec17a9d583c19469bb,제로원스페이스,"['고양시', '일산서구', '구산동', '404']",일산서구 덕이동 1165-14번지 고양시 경기도 KR,0,0,match_dong
192,1559,6d6f1045e870b040ae94eaaac967c5ef74f8639d9e31dc969d98db88cca906c1,대웅통상,"['고양시', '일산서구', '가좌동', '548']",경기도 고양시 일산서구 대화동 2120-3,0,0,match_dong
193,1559,6d6f1045e870b040ae94eaaac967c5ef74f8639d9e31dc969d98db88cca906c1,대웅통상,"['고양시', '일산서구', '가좌동', '548']",경기도 고양시 일산서구 송산동 548,0,0,match_dong
194,1561,204f148baebbc23e8a671f1f9b799f6839918db815bcff8aea98cdc85f46d608,키티도기,"['고양시', '일산동구', '정발산동', '681-9']",조리읍 봉일천리 284번지 파주시 경기도 KR,0,0,not_match
195,1574,12edc8ead5cf8eecb853f2adf337628100586b99c350b684b99dd1b670cb95f0,마루유통,"['고양시', '일산서구', '일산동', '649-8']",경기도 고양시 덕양구 관산동,5.0,1,match_gu
196,1576,969b9c78301a7c89af92f7c3609ffce19a2afba3cdc6b88eb496f53d97af6a24,디어도그,"['고양시', '일산동구', '정발산동', '1157-11']",덕양구 원당동 376-1번지 1층 고양시 경기도 KR,0,0,match_gu
197,1577,3506b1177ea543540d3048bd77366a7705d14a598e95b6a0370f6315fb61d310,오마이독,"['고양시', '일산동구', '정발산동', '1297-8']",경기도 고양시 일산동구 일산로380번길 3 KR 4층,0,0,match_dong
198,1582,29afd065755e50d343c96ca128dcc15cde2afd58a8c32a466f93a713b943600d,이쁜이애견미용,"['구리시', '교문2동', '766-1']",경기도 구리시 교문동,5.0,1,match_gu
199,1586,d81fb247840102faef0d7498c199de2c3324b6f6c95f3e888639332c3090a20a,메토요,"['구리시', '인창동', '701-2']",경기도 구리시 동구동 동구릉로136번길 33,0,0,match_gu
200,1590,4cf9df0e43480e69c28a123f299fe814f380ad22889dafb08d26fdb432a8586a,영양한스푼,"['구리시', '갈매동', '97-1']",갈매동 531번지 1층 구리시 경기도 KR,0,0,match_dong
201,1593,02c6ec699e5f5784b57b6628416072fecbb6feffe183fbd810838c4b4b2b8862,댕댕아밥먹자,"['남양주시', '다산동', '4001-29']",도농동 1-29번지 상가동 1층 154호 부영애시앙 남양주시 경기도 KR,0,0,match_gu
202,1595,923f2f47f37c4a721ab5b227ec84646074a00f563b5ccde8bab3868907ecf54f,오구오구내새끼,"['남양주시', '다산동', '4001-29']",도농동 1-29번지 원양관 127호 남양주시 경기도 KR,0,0,match_gu
203,1604,1853ed5a17e4d3f194bc4942ede4ff78f433393563dd25ad10952686bc64b76f,개벤져스,"['남양주시', '평내동', '583-6']",호평동 617-2번지 103-1호 메이플카운티 남양주시 경기도 KR,0,0,match_gu
204,1605,5b7e8b9a45f1fde28f41e81d61c40f5b68946ffbf1b056c7b1457b91a15efc9a,대한사료,"['남양주시', '일패동', '688-1']",별내면 광전리 604-4번지 남양주시 경기도 KR,0,0,match_gu
205,1613,f8cf07461404820eb872b5a168c0124c636012192973e473cc147b0567114ff7,예원통상,"['남양주시', '별내면', '용암리', '402-1']",별내면 청학리 240-13번지 남양주시 경기도 KR,0,0,match_dong
206,1614,12d8d546b82d51146483048c35e1b916f57da7f8a15c362d82fe254200f92ff9,아크피앤씨,"['남양주시', '화도읍', '녹촌리', '479-19']",경기도 남양주시 화도읍 마치로284번길 56-24,5.0,1,match_dong
207,1616,50a68a9f21d88fd4fcd84e40731d9c01058c4e5f0526b4fc4fc41510c27592f4,티에스아이,"['남양주시', '와부읍', '율석리', '275-13']",경기도 하남시 덕풍동 762번지 아이테코 518호,0,0,not_match
208,1616,50a68a9f21d88fd4fcd84e40731d9c01058c4e5f0526b4fc4fc41510c27592f4,티에스아이,"['남양주시', '와부읍', '율석리', '275-13']",경기도 시흥시 대야동 487,0,0,not_match
209,1616,50a68a9f21d88fd4fcd84e40731d9c01058c4e5f0526b4fc4fc41510c27592f4,티에스아이,"['남양주시', '와부읍', '율석리', '275-13']",경기도 화성시 향남읍 수직리 308~8,3.7,3,not_match
210,1616,50a68a9f21d88fd4fcd84e40731d9c01058c4e5f0526b4fc4fc41510c27592f4,티에스아이,"['남양주시', '와부읍', '율석리', '275-13']",경기도 용인시 기흥구 중동 1030,0,0,not_match
211,1616,50a68a9f21d88fd4fcd84e40731d9c01058c4e5f0526b4fc4fc41510c27592f4,티에스아이,"['남양주시', '와부읍', '율석리', '275-13']",경기도 성남시 분당구 금곡동 150,0,0,not_match
212,1616,50a68a9f21d88fd4fcd84e40731d9c01058c4e5f0526b4fc4fc41510c27592f4,티에스아이,"['남양주시', '와부읍', '율석리', '275-13']",경기도 화성시 안녕동 146-150,0,0,not_match
213,1616,50a68a9f21d88fd4fcd84e40731d9c01058c4e5f0526b4fc4fc41510c27592f4,티에스아이,"['남양주시', '와부읍', '율석리', '275-13']",서울특별시 성동구 성수1가2동 13-457,4.0,1,not_match
214,1616,50a68a9f21d88fd4fcd84e40731d9c01058c4e5f0526b4fc4fc41510c27592f4,티에스아이,"['남양주시', '와부읍', '율석리', '275-13']",경기도 고양시 일산동구 백석2동 호수로 358-39,0,0,not_match
215,1616,50a68a9f21d88fd4fcd84e40731d9c01058c4e5f0526b4fc4fc41510c27592f4,티에스아이,"['남양주시', '와부읍', '율석리', '275-13']",KR 서울특별시 서초구 서초동 1340-3번지 젤죤빌딩 402호,0,0,not_match
216,1616,50a68a9f21d88fd4fcd84e40731d9c01058c4e5f0526b4fc4fc41510c27592f4,티에스아이,"['남양주시', '와부읍', '율석리', '275-13']",서울특별시 서초구 반포동,0,0,not_match
217,1619,0df8875fe739320076901afdfa302512ca9df69357fc78106f29e08397f22202,찰리스백야드,"['남양주시', '화도읍', '구암리', '55-1']",경기도 남양주시 화도읍 북한강로 1711-18 KR CHARLIE'S BACKYARD 본사,0,0,match_dong
218,1621,904599c1f2b7c2094339fc7c5e52ecbf17965a95001f89c0784d83fc67228b2b,가온물산,"['남양주시', '진접읍', '진벌리', '242-24']",경기도 남양주시 오남읍 양지리 729,0,0,match_gu
219,1625,9084df256fc4bab25f40033f6114426332e2b5d4297e21f7486a815807476632,야옹아멍멍해봐오산점,"['오산시', '원동', '841']",경기도 오산시 대원동 원동로 6,4.2,19,match_dong
220,1626,b1a996f5093b9349c203b6719050c526d59db32120198acf3e43e68e3726595a,펫클럽오산점,"['오산시', '내삼미동', '573-3']",경기도 오산시 신장동 경기대로 695,4.4,12,match_gu
221,1632,84fa2f16ab6f0d247cb6fdb6e64430723a25573594dc22f4f4450bfe9979a495,퍼스트,"['오산시', '오산동', '73-3']",경기도 오산시 원동 347-8,3.0,2,match_gu
222,1632,84fa2f16ab6f0d247cb6fdb6e64430723a25573594dc22f4f4450bfe9979a495,퍼스트,"['오산시', '오산동', '73-3']",경기도 오산시 원동,0,0,match_gu
223,1632,84fa2f16ab6f0d247cb6fdb6e64430723a25573594dc22f4f4450bfe9979a495,퍼스트,"['오산시', '오산동', '73-3']",경기도 오산시 원동 349-6,0,0,match_gu
224,1632,84fa2f16ab6f0d247cb6fdb6e64430723a25573594dc22f4f4450bfe9979a495,퍼스트,"['오산시', '오산동', '73-3']",경기도 오산시 원동 282-4,0,0,match_gu
225,1632,84fa2f16ab6f0d247cb6fdb6e64430723a25573594dc22f4f4450bfe9979a495,퍼스트,"['오산시', '오산동', '73-3']",오산동 923-2번지 110동 1106호 오산시 경기도 KR,0,0,match_dong
226,1632,84fa2f16ab6f0d247cb6fdb6e64430723a25573594dc22f4f4450bfe9979a495,퍼스트,"['오산시', '오산동', '73-3']",궐동 616-1번지 102동 101호 우남퍼스트빌 오산시 경기도 KR,0,0,match_gu
227,1632,84fa2f16ab6f0d247cb6fdb6e64430723a25573594dc22f4f4450bfe9979a495,퍼스트,"['오산시', '오산동', '73-3']",경기도 오산시 외삼미동 136-1,0,0,match_gu
228,1636,3a0a2f80f451128fdf24d485940d4c8b28918eef7e425e98cb95b129501e7fdb,펫타운,"['화성시', '반송동', '106-7']",경기도 화성시 반송동 93-3,0,0,match_dong
229,1640,0ccdda8d09d47f438440afb79de97d44980ab5a5db0d66dacf18c91f01f8a460,너와펫,"['남양주시', '진건읍', '진관리', '86-15']",경기도 남양주시 호평동 622,3.0,1,match_gu
230,1644,20e850444121757138ceb4b22f7ebb9069515117c6deaebd6e8f0cefa949f417,에코월드,"['남양주시', '와부읍', '도곡리', '610-6']",진건읍 배양리 162번지 남양주시 경기도 KR,0,0,match_gu
231,1644,20e850444121757138ceb4b22f7ebb9069515117c6deaebd6e8f0cefa949f417,에코월드,"['남양주시', '와부읍', '도곡리', '610-6']",경기도 남양주시 화도읍 마석우리 295-32,0,0,match_gu
232,1648,e8cfe642a04a1a8e87dec827b1a79ab7f5e89118458aff14efba1800077cf37f,HP컴퍼니,"['남양주시', '진건읍', '사능리', '460']",화도읍 마석우리 71-4번지 마석그랜드힐2차아파트 남양주시 경기도 KR,0,0,match_gu
233,1652,083c77a10f86b4bca558c4c24939f64bf40deedcf5a74dc58765ade4b9e48d39,뽀독,"['화성시', '병점동', '870']",능동 710-2번지 104호 병점성호아파트 단지내상가 화성시 경기도 KR,0,0,match_gu
234,1653,d43ac4d095db0eea30c0a0becbf6261198bd7eb6050cac25ce9a5cccf9fcab18,마도로스펫,"['용인시', '기흥구', '고매동', '546-12']",경기도 안성시 원곡면 원암로 250-24 KR,0,0,not_match
235,1659,b753f65de3610c0300e230e34c3e00498778a3236df3514f50d19c5a2a4f6db0,도기랑냥이랑시흥점,"['시흥시', '대야동', '558-4']",경기도 시흥시 대야동 297-6,0,0,match_dong
236,1660,f5984cb02eb31b588b619bc6be74ff9d8082c3dbac83400fb7cf036ad0cc38f5,단비,"['시흥시', '도창동', '441-4']",경기도 시흥시 신천동 758,5.0,2,match_gu
237,1660,f5984cb02eb31b588b619bc6be74ff9d8082c3dbac83400fb7cf036ad0cc38f5,단비,"['시흥시', '도창동', '441-4']",경기도 시흥시 정왕4동 배곧3로 96,0,0,match_gu
238,1660,f5984cb02eb31b588b619bc6be74ff9d8082c3dbac83400fb7cf036ad0cc38f5,단비,"['시흥시', '도창동', '441-4']",거모동 1731-1번지 302호 아주2차아파트 시흥시 경기도 KR,0,0,match_gu
239,1660,f5984cb02eb31b588b619bc6be74ff9d8082c3dbac83400fb7cf036ad0cc38f5,단비,"['시흥시', '도창동', '441-4']",경기도 시흥시 월곶동 1015-1번지 3층,0,0,match_gu
240,1660,f5984cb02eb31b588b619bc6be74ff9d8082c3dbac83400fb7cf036ad0cc38f5,단비,"['시흥시', '도창동', '441-4']",경기도 시흥시 정왕동 1859-6,0,0,match_gu
241,1660,f5984cb02eb31b588b619bc6be74ff9d8082c3dbac83400fb7cf036ad0cc38f5,단비,"['시흥시', '도창동', '441-4']",경기도 시흥시 대야동 540-1 KR 번지 더베스트프라자,0,0,match_gu
242,1660,f5984cb02eb31b588b619bc6be74ff9d8082c3dbac83400fb7cf036ad0cc38f5,단비,"['시흥시', '도창동', '441-4']",시흥동 886-11번지 하동 1층 금천구 서울특별시 KR,0,0,not_match
243,1660,f5984cb02eb31b588b619bc6be74ff9d8082c3dbac83400fb7cf036ad0cc38f5,단비,"['시흥시', '도창동', '441-4']",시흥동 910-5번지 1층 금천구 서울특별시 KR,0,0,not_match
244,1670,8f85495592b722829161d12f381fcd22bfea8aac3136bf8b3f6eb6c87509408d,헤디스그루밍,"['하남시', '상산곡동', '289']",경기도 하남시 천현동 하남대로166번길 42-12,0,0,match_gu
245,1673,29c2bd1543cb19f8304d373af892c295b5718d08e05bff787baaa523371ed814,고양이용품꾹꾹이네,"['하남시', '천현동', '13-10']",천현동 98-2 하남시 경기도 KR,3.0,1,match_dong
246,1678,0905330ad2422eca3ea56005500413bd0ae387b5f7f4222ee92eb03c9e4f37bd,들어오개,"['하남시', '덕풍동', '742-2']",서울특별시 강동구 둔촌동 427-3번지 1층,0,0,not_match
247,1680,39e7f39273766402c289cb0ace2a1fb1745bbcfa390325b4184d9917df8c9a11,바비숑,"['하남시', '덕풍동', '741']",수지구 풍덕천동 660번지 4층 401호 용인시 경기도 KR,0,0,not_match
248,1682,d2b86325320e4a0fc38129d75cb1b0013b78f0fff540b63da374a3d5259ae83c,하나무,"['하남시', '풍산동', '504']",경기도 하남시 미사강변대로 84 KR 1층 건물 뒷편 102호 미사탑프라자,0,0,match_gu
249,1685,a474a8b980b57b2e0bc87dd5498d87c8f9f7c3498631dfc81bd8fbf6f9152840,아로펫,"['하남시', '덕풍동', '692']",초월읍 무갑리 554-50번지 광주시 경기도 KR,0,0,not_match
250,1686,520dacbf63d0ead263f7610ee91947b9880f00d7fd50e85c4d6aae30252f3304,레몬펫,"['하남시', '풍산동', '214-20']",경기도 하남시 풍산동 493번지 KR 10층 F1042호,0,0,match_dong
251,1687,e0879c73c245e03e0cef8c4f9b33d9b5a1e845e888b7d52983510b4a3be33436,홀리케어바프코리아,"['용인시', '처인구', '모현읍', '초부리', '220-1']",경기도 용인시 처인구 모현면 초부리 220-1,4.0,1,match_dong
252,1696,388a45edd2cf2a7b407f8af56f6ba73c0dcdc884d4c2129e737808e826b6c5da,펫어라운드,"['용인시', '처인구', '역북동', '615-3']",경기도 용인시 처인구 삼가동 56-2,3.7,3,match_dong
253,1704,a3103fd5fe0a49881ae828fbb6da3a57c93b6cf76b4a87af278074a6d3d880b4,장보는강아지와고양이용인포곡점,"['용인시', '처인구', '포곡읍', '영문리', '113-6']",경기도 용인시 처인구 영문리 113-6 KR,4.6,14,match_dong
254,1708,8e9e46cad8c47df45a04327d915b8c434546701cf68d50d61a2e2235d45f3e62,스프링펫,"['용인시', '처인구', '삼가동', '320-1']",KR 경기 용인시 처인구 김량장동 133-85,0,0,match_dong
255,1708,8e9e46cad8c47df45a04327d915b8c434546701cf68d50d61a2e2235d45f3e62,스프링펫,"['용인시', '처인구', '삼가동', '320-1']",서울특별시 마포구 서교동 양화로 189,0,0,not_match
256,1710,e7136c40cdebe5408055e49123e5db1056d3d1bcf68da5850ddfb4f31255f944,비비펫,"['용인시', '처인구', '모현읍', '능원리', '150-1']",경기도 용인시 처인구 모현면 능원리 150-1 KR,0,0,match_dong
257,1710,e7136c40cdebe5408055e49123e5db1056d3d1bcf68da5850ddfb4f31255f944,비비펫,"['용인시', '처인구', '모현읍', '능원리', '150-1']",부곡동 1129-6번지 1층 군포시 경기도 KR,0,0,not_match
258,1710,e7136c40cdebe5408055e49123e5db1056d3d1bcf68da5850ddfb4f31255f944,비비펫,"['용인시', '처인구', '모현읍', '능원리', '150-1']",당동 751-4번지 군포시 경기도 KR,0,0,not_match
259,1713,d55c9321ec5dd5cee854e24a853a1979f1a3044564f1499687ecf7df6e0f3f1e,정이비에스,"['용인시', '기흥구', '지곡동', '295-3']",기흥구 신갈동 343-17번지 용인시 경기도 KR,0,0,match_dong
260,1716,dbb00f62667d7349723c88b74b5913885c976fc4241937c9c6e8ffec222ca376,장보는강아지와고양이,"['용인시', '기흥구', '보정동', '614-3']",수지구 동천동 325-707번지 1층 상가 용인시 경기도 KR,0,0,match_gu
261,1716,dbb00f62667d7349723c88b74b5913885c976fc4241937c9c6e8ffec222ca376,장보는강아지와고양이,"['용인시', '기흥구', '보정동', '614-3']",경기도 화성시 반송동 92-2 마젤란오피스텔 101호 장보는강아지와고양이,0,0,not_match
262,1716,dbb00f62667d7349723c88b74b5913885c976fc4241937c9c6e8ffec222ca376,장보는강아지와고양이,"['용인시', '기흥구', '보정동', '614-3']",경기도 용인시 처인구 고림동 번지 1층 736-26 KR,0,0,match_gu
263,1717,5df05b23ecf9e41dfd98d06fe86a57a39ae78b2b88172df544dd6daa6080ac8c,허니베어,"['용인시', '기흥구', '구갈동', '359-10']",경기도 평택시 비전동 1091-4 201호,5.0,6,not_match
264,1720,615b380cacc60ff2aa3a698d3f2534af5e093205ff4021b4a561ba6120ee11b9,펫클럽,"['용인시', '기흥구', '마북동', '510-3']",기흥구 동백동 445-8번지 지하동 1층 순석빌딩 용인시 경기도 KR,4.0,6,match_dong
265,1720,615b380cacc60ff2aa3a698d3f2534af5e093205ff4021b4a561ba6120ee11b9,펫클럽,"['용인시', '기흥구', '마북동', '510-3']",기흥구 공세동 476-343번지 제B동 레이크파크 102호 용인시 경기도 KR,0,0,match_dong
266,1730,0be860ea95276498512f1a392df2e6e5c55bb190d58a803f5c71a4b87754c720,개편한세상,"['파주시', '동패동', '1908']",경기도 양평군 서종면 황순원로 247-1,1.0,1,not_match
267,1732,7749f0480fb5e0c6f75a97a7f4b2787740f20da914b8687a1378c6d083bf9ebc,힐링펫,"['파주시', '문발동', '73-3']",경기도 파주시 하지석길 309 KR,0,0,match_gu
268,1746,8770c030d4bb04cd54b4959ea8e58363462e2852c4677046be213a00c8c4f0bb,기름집강아지,"['파주시', '목동동', '745']",개봉동 130-21번지 지하 구로구 서울특별시 KR,0,0,not_match
269,1748,df197520cca103be63f9a15c719e5c8bdfd9cfe047c43c319f30215587079462,키티도기,"['파주시', '조리읍', '봉일천리', '284']",일산동구 정발산동 681-9번지 1층 고양시 경기도 KR,0,0,not_match
270,1751,02c1544d1f29b3aae4d62fb13559a46309d08abb08934fb71ce5d328ebc71709,아미커스,"['파주시', '문발동', '514-8']",서울특별시 서초구 서초동,0,0,not_match
271,1751,02c1544d1f29b3aae4d62fb13559a46309d08abb08934fb71ce5d328ebc71709,아미커스,"['파주시', '문발동', '514-8']",중계동 506번지 734호 노원구 서울특별시 KR,0,0,not_match
272,1758,29b916240c44076c46f1145990cdaac4553c843fcf44a3b538951644cb428d53,펫더월드,"['이천시', '증포동', '146-1']",경기도 이천시 증포동 이섭대천로 1342,0,0,match_dong
273,1767,e4f704c79e67f09220235cc7543f496316eed6ece9135ced15b6f17b49efac9c,견사월드,"['이천시', '백사면', '송말리', '158-3']",경기도 여주군 흥천면 외사리 262 흥천면 외사리 262번지 여주시 경기도 KR 12605,0,0,not_match
274,1768,2996868ce5946070d7f7252c38411a282c2461feb68100767d9296bb33265e3c,멋내는애견,"['이천시', '부발읍', '무촌리', '225-22']",경기도 이천시 창전동,3.0,1,match_gu
275,1769,9145830bda0452bb12b23bb995d94938eb686c7f50013b1e85b2ef50880626e3,마루세끼,"['파주시', '야당동', '288-7']",경기도 파주시 야당동 288-8번지 103호,0,0,match_dong
276,1770,8ee7d7aec5d394da43db9b9dc995ac579ed8f53d53f883aec52ad660fbce457b,멍이냥이,"['파주시', '야동동', '360-2']",부개동 477번지 상가동 1층 2호 욱일아파트 부평구 인천광역시 KR,0,0,not_match
277,1770,8ee7d7aec5d394da43db9b9dc995ac579ed8f53d53f883aec52ad660fbce457b,멍이냥이,"['파주시', '야동동', '360-2']",서울특별시 중랑구 상봉동 128-46번지 1층,0,0,not_match
278,1770,8ee7d7aec5d394da43db9b9dc995ac579ed8f53d53f883aec52ad660fbce457b,멍이냥이,"['파주시', '야동동', '360-2']",서울특별시 성북구 동선동 동소문로22길 13,0,0,not_match
279,1777,b871d4a48487e58e2a39a7794db50726acecb3d1c8ee69e397c26c48e3627630,케미텍코리아,"['파주시', '송촌동', '533-8']",경기 파주시 산남동 63-2,0,0,match_gu
280,1779,b8f3612f155fde23c7d3a9da7d18c995f4f9d08d1802ed8cb0afab4f2719f805,까까독,"['파주시', '금촌동', '329-27']",경기도 파주시 금촌동 329-15,0,0,match_dong
281,1784,999c76954fbc7f4ba9d0e526a7bc5ee3cef05aaeb4c795c478a53ad4c6bd0988,아인솝,"['광주시', '도척면', '방도리', '607-10']",성내동 22-4번지 강동구 서울특별시 KR,0,0,not_match
282,1784,999c76954fbc7f4ba9d0e526a7bc5ee3cef05aaeb4c795c478a53ad4c6bd0988,아인솝,"['광주시', '도척면', '방도리', '607-10']",성내동 19-9번지 B동 1층 강동구 서울특별시 KR,0,0,not_match
283,1791,f9b00cd39f0514cb688e40eaf2c0cce14c0e677872c6b0c7f36eb6687c717cfb,애견나라,"['여주시', '창동', '141']",경기도 여주군 여주읍 상리 283-7,0,0,not_match
284,1801,569c0c09d163694705b40a5c89f9f0a5490bbb14c218a4a0719f1112a196ffb2,개판오분전,"['여주시', '천송동', '304-4']",서울특별시 관악구 신림동 관천로,3.3,30,not_match
285,1801,569c0c09d163694705b40a5c89f9f0a5490bbb14c218a4a0719f1112a196ffb2,개판오분전,"['여주시', '천송동', '304-4']",명동 10-8번지 1층 제천시 충청북도 KR,0,0,not_match
286,1811,3912a8ccf2bf92add0ecfba233660de41c8fe3a2635b79398f44a50bd00485df,꼬메르꼬뜨,"['김포시', '장기동', '1949-9']",경기도 김포시 장기동 2031번지 KR 1층 B동 10호 데에비뉴동,0,0,match_dong
287,1827,a5f83bfd0f0db48e80be3160abf38a49368bb96163834b869e847296e6c99fa6,어반펫,"['김포시', '구래동', '6891-15']",김포시 장기동 한강9로 12번길 45,0,0,match_gu
288,1829,6e675acd35e8076112022e9ac63a59ff5c5599f4ff21d6c3d5283ae9b6d4a3c1,민우,"['화성시', '장안면', '석포리', '677-13']",서신면 궁평리 480-15번지 1층 화성시 경기도 KR,0,0,match_gu
289,1829,6e675acd35e8076112022e9ac63a59ff5c5599f4ff21d6c3d5283ae9b6d4a3c1,민우,"['화성시', '장안면', '석포리', '677-13']",향남읍 행정리 446-4번지 101호 화성시 경기도 KR,0,0,match_gu
290,1829,6e675acd35e8076112022e9ac63a59ff5c5599f4ff21d6c3d5283ae9b6d4a3c1,민우,"['화성시', '장안면', '석포리', '677-13']",경기도 화성시 반송동 92-3,0,0,match_gu
291,1837,7b500a6a05baaad3c1e0917b1be5c745c2f775f8661958f7f2b26447392b229b,비투비,"['화성시', '장안면', '수촌리', '13-24']",경기도 화성시 석우동,0,0,match_gu
292,1837,7b500a6a05baaad3c1e0917b1be5c745c2f775f8661958f7f2b26447392b229b,비투비,"['화성시', '장안면', '수촌리', '13-24']",경기도 화성시 동탄면 중리 326-2,0,0,match_gu
293,1837,7b500a6a05baaad3c1e0917b1be5c745c2f775f8661958f7f2b26447392b229b,비투비,"['화성시', '장안면', '수촌리', '13-24']",경기도 화성시 진안동 536,0,0,match_gu
294,1837,7b500a6a05baaad3c1e0917b1be5c745c2f775f8661958f7f2b26447392b229b,비투비,"['화성시', '장안면', '수촌리', '13-24']",경기도 화성시 봉담읍 동화리 556-3 KR,0,0,match_gu
295,1842,a0f9e3a07a6e6209c5ac1c67808a46c6a605a305bcf344a63e9b79a95bc18a89,코엘컴퍼니,"['광주시', '오포읍', '추자리', '284']",경기도 광주시 오포읍 오포로 769-10,0,0,match_dong
296,1842,a0f9e3a07a6e6209c5ac1c67808a46c6a605a305bcf344a63e9b79a95bc18a89,코엘컴퍼니,"['광주시', '오포읍', '추자리', '284']",경기도 광주시 초월읍 산수로226번길 91,0,0,match_gu
297,1852,5984eef8a86597fd3eb84b9321e16c7ee742d7959c9ad5233db66bc3d4281ed6,대한사료,"['화성시', '장안면', '어은리', '377-6']",경기도 화성시 향남읍 발안리 68,0,0,match_gu
298,1852,5984eef8a86597fd3eb84b9321e16c7ee742d7959c9ad5233db66bc3d4281ed6,대한사료,"['화성시', '장안면', '어은리', '377-6']",경기도 용인시 처인구 마평동 652-2,0,0,not_match
299,1856,c7dcbde917addd8c8426a172ee58cf9c4678f93caf5a6c5807ccac43075b0692,애견용품아울렛,"['광주시', '오포읍', '매산리', '626-36']",서울특별시 도봉구 창동 2층,4.3,7,not_match
300,1856,c7dcbde917addd8c8426a172ee58cf9c4678f93caf5a6c5807ccac43075b0692,애견용품아울렛,"['광주시', '오포읍', '매산리', '626-36']",광주광역시 북구 매곡동 3,2.5,2,not_match
301,1863,8398b14493ca2082feb93dd96e77efdee81481d67d6603a04f47c623fb236111,퐁당퐁당,"['광주시', '태전동', '371-3']",광주광역시 광산구 월계동,0,0,not_match
302,1863,8398b14493ca2082feb93dd96e77efdee81481d67d6603a04f47c623fb236111,퐁당퐁당,"['광주시', '태전동', '371-3']",광주광역시 동구 광산동 100-23,0,0,not_match
303,1863,8398b14493ca2082feb93dd96e77efdee81481d67d6603a04f47c623fb236111,퐁당퐁당,"['광주시', '태전동', '371-3']",광주광역시 서구 치평동 1228-8,0,0,not_match
304,1866,76ef0f3c5a37039a0a987c6250dfa10b008fa2bfbe7a7694abb9e18cd59bffb1,이글벳강남동부지점,"['광주시', '오포읍', '문형리', '243-4']",오포읍 능평리 243-4번지 광주시 경기도 KR,0,0,match_dong
305,1869,e0eff227039b06c61e771f6413e00a7d8a98c981a19fd05c8ed4414af09563b3,우리펫,"['광주시', '오포읍', '양벌리', '163']",올림픽로 766 Gangdong-gu Seoul KR,4.7,15,not_match
306,1884,76a6a0f8657a8cb791be68627ca48b6e1b1be6e563d3ddd5d80fbd5652071cab,펫마트춘천점,"['춘천시', '효자동', '699-3']",강원도 춘천시 효자동 효자로 52,4.3,8,match_dong
307,1885,d1860b7f12dc39c04fca287e165764648daa3c7ded6d8592938d12b90460db61,퍼피아이,"['춘천시', '퇴계동', '1095']",강원도 춘천시 퇴계동,0,0,match_dong
308,1890,8f09c5917ec12b8dc114e84e4b481ff15a47d659ec6bdf8290986e1c40d649f1,펫클럽,"['춘천시', '동내면', '거두리', '912-2']",효자동 692-1번지 춘천시 강원도 KR,0,0,match_gu
309,1890,8f09c5917ec12b8dc114e84e4b481ff15a47d659ec6bdf8290986e1c40d649f1,펫클럽,"['춘천시', '동내면', '거두리', '912-2']",강원도 춘천시 퇴계동 418-5번지 KR,0,0,match_gu
310,1891,9449e4cb627e8e5e5b12f05edaf72addbc93be12a70848db337735536946eb0c,별난개와고양이,"['춘천시', '사농동', '365']",강원도 춘천시 사농동 영서로 2938,0,0,match_dong
311,1893,88e0292c21eb7438ed383f5f89bd88be3c3f1a1462319d417dc7641fce3b4286,쿠키멍스터,"['춘천시', '옥천동', '14-33']",강원도 춘천시 옥천길54번길 26 KR 1층,0,0,match_gu
312,1902,9898e6d2aff8926d4330fb0854ae665b4a7a5ef7d4d9fc4cc8f008df087fcebd,개간지,"['원주시', '단계동', '819-3']",강원도 원주시 단계동,2.0,1,match_dong
313,1902,9898e6d2aff8926d4330fb0854ae665b4a7a5ef7d4d9fc4cc8f008df087fcebd,개간지,"['원주시', '단계동', '819-3']",강원도 원주시 무실동 1720-6번지 KR 리젠트프라자 1층 107호,0,0,match_gu
314,1904,91f28853eb146945700cc4d46902d6e7bd4eccee6af2a7a85f996523c23d40ac,대한사료대리점,"['원주시', '태장동', '891-8']",강원도 원주시 태장2동 891-8,0,0,match_gu
315,1911,afd4a3f848297eeb50ecf791ff20a9f687e21e4c0017e52b8395d8d5e14a4cb2,강아지와고양이,"['강릉시', '교동', '156-68']",강원도 강릉시 교2동 율곡로 2868,3.5,3,match_gu
316,1923,7d408ccb12ad3acd1bb778d9d6c16778167f11b8b5668711871ddeabdebfff97,슈퍼펫,"['속초시', '조양동', '590-1']",강원도 속초시 교동 636-108,0,0,match_gu
317,1924,d6ad45df15b941ef82d9a71a0c108cf3fdbc6dab8bdc34e806c809994b9be08f,강아지와고양이,"['속초시', '조양동', '1490-252']",강원도 속초시 조양동,3.5,4,match_dong
318,1926,5a7e91a06f7a1ddcc213cb5db35029aeb98d67a0e8d0f80e6f26ff7a31048386,펫클럽홍천점,"['홍천군', '홍천읍', '진리', '88']",강원도 홍천군 홍천읍 홍천로 395,3.9,11,match_dong
319,1933,b3ea06ce6a749981ebadefaf60f10ff9cb8be8a4f9980b56ac738507edd05629,우리애견,"['청주시', '서원구', '사직1동', '571-1']",충청북도 청주시 흥덕구 사직1동 571-1,0,0,match_gu
320,1935,cb6847b8732b9e54b064a7ca46194dc269074333f425d63d244a422a2a9fb0f9,장보는강아지와고양이,"['청주시', '청원구', '우암동', '118-8']",충청북도 청주시 흥덕구 복대동 127-3번지 1층,0,0,match_gu
321,1941,9715098fe511ba959209e72e6792d3c9f6c64b66e15f3b97296b3dfb7887e5ba,해피하우스,"['청주시', '서원구', '개신동', '243']",충청북도 청주시 흥덕구 산남동 1085,3.7,13,match_gu
322,1941,9715098fe511ba959209e72e6792d3c9f6c64b66e15f3b97296b3dfb7887e5ba,해피하우스,"['청주시', '서원구', '개신동', '243']",흥덕구 운천동 791번지 청주시 충청북도 KR,0,0,match_gu
323,1941,9715098fe511ba959209e72e6792d3c9f6c64b66e15f3b97296b3dfb7887e5ba,해피하우스,"['청주시', '서원구', '개신동', '243']",청원구 오창읍 양청리 734-3번지 101호 청주시 충청북도 KR,0,0,match_gu
324,1943,56749802f1a3848b3c291d345d097a53ba37dd4e7734c0d3de9799a1a42df465,나라애견율량점,"['청주시', '청원구', '율량동', '925']",충청북도 청주시 상당구 율량동 925,0,0,match_gu
325,1951,a940259a5ba09b2a86434c33cadc54d6e6b17c061d400d53a74eac8e5cf95c07,디앤씨플라자,"['청주시', '흥덕구', '복대동', '2583']",충청북도 청주시 흥덕구 복대1동 2583,0,0,match_dong
326,1961,23974ce4fc288c257a2ff57aae49274462470cb9a6c96b1eb80f4faef9d92ded,강쥐와냥이,"['충주시', '문화동', '871']",충의동 203번지 충주시 충청북도 KR,0,0,match_gu
327,1962,43f6051cea8c214741cbcb676aeff6bfb42f8ff8cc5b89e1b5691b73e2d32662,스마일펫,"['충주시', '연수동', '1655']",충주시 연수동,0,0,match_dong
328,1963,5417bdfecee4dd2dc766b57018010e83cc3dd416646e03159a0e656d31d68b65,개밥바라기,"['충주시', '안림동', '571-3']",봉방동 337-25번지 1층 충주시 충청북도 KR,0,0,match_gu
329,1975,53de5a6af7f6508e88c663495607dabee27045e01e9e89b1112b199f3b69ec54,아싸애견용품할인매장,"['천안시', '동남구', '원성동', '485-5']",서북구 백석동 872번지 109호 천안시 충청남도 KR,0,0,match_gu
330,1977,9468c2728e93eb3a6d6a704ab4a0833b2c684d650d82ac462d928ddc6f1e8c25,심플펫,"['천안시', '동남구', '신방동', '108']",충남 천안시 서북구 차암동 466,0,0,match_gu
331,1977,9468c2728e93eb3a6d6a704ab4a0833b2c684d650d82ac462d928ddc6f1e8c25,심플펫,"['천안시', '동남구', '신방동', '108']",서북구 쌍용동 788번지 201동 1601호 일성2차아파트 천안시 충청남도 KR,0,0,match_gu
332,1977,9468c2728e93eb3a6d6a704ab4a0833b2c684d650d82ac462d928ddc6f1e8c25,심플펫,"['천안시', '동남구', '신방동', '108']",충청남도 천안시 동남구 병천면 병천리 43-3,0,0,match_dong
333,1981,cfd10f4b4c56a4e24246f49dabbf0e1de6b305f112a0abb3d7391aff74e28f69,우성애견용품,"['천안시', '동남구', '영성동', '118-1']",대전광역시 동구 자양동 198-28,0,0,not_match
334,1992,43ce51fd5843d5c7cb078e2e40fbc0e236281ee6920eb61ab4f544c98504fc9d,봉구의간식,"['천안시', '서북구', '두정동', '1264']",분당구 백현동 551번지 101호 자유퍼스트프라자 1 성남시 경기도 KR,0,0,not_match
335,1994,bf4b8318c47fb15abb6029f9161443edb35b40bcc1d173af40db257669b39789,다함,"['천안시', '서북구', '쌍용동', '2103']",충청남도 천안시 서북구 두정동,0,0,match_dong
336,1994,bf4b8318c47fb15abb6029f9161443edb35b40bcc1d173af40db257669b39789,다함,"['천안시', '서북구', '쌍용동', '2103']",충청남도 천안시 동남구 원성2동,0,0,match_gu
337,1994,bf4b8318c47fb15abb6029f9161443edb35b40bcc1d173af40db257669b39789,다함,"['천안시', '서북구', '쌍용동', '2103']",충청남도 천안시 서북구 불당동 1635번지 2층 202호,0,0,match_dong
338,1994,bf4b8318c47fb15abb6029f9161443edb35b40bcc1d173af40db257669b39789,다함,"['천안시', '서북구', '쌍용동', '2103']",충청남도 천안시 서북구 백석동 150-2,0,0,match_dong
339,1994,bf4b8318c47fb15abb6029f9161443edb35b40bcc1d173af40db257669b39789,다함,"['천안시', '서북구', '쌍용동', '2103']",충청남도 천안시 동남구 목천읍 신계리 129-3번지 하층 1호 로마노피자,0,0,match_gu
340,2002,3f1747712131293b718e1fe80b0e16c8daac6999d593178fd191f5954dfc7c55,한국진돗개토종개토착개반려동물협동조합,"['아산시', '탕정면', '매곡리', '910']",충청남도 아산시 온양1동 1495,0,0,match_gu
341,2008,c87a2911c244a68061d0af85027932cffe2f1c971d521dba5127c4d9de356353,애견용품할인마트,"['아산시', '신창면', '남성리', '134']",경기도 안양시 동안구 호계동 934-26,4.8,5,not_match
342,2015,6f1e3add3c59e7e1a4bb8f0c1c7c1e1fd778fd70d81ecbf8ff3c161f5cc8c32e,멍쿡,"['서산시', '석림동', '642-9']",연수동 571-4번지 102호 연수구 인천광역시 KR,0,0,not_match
343,2030,4931974f56a54dcedc0c29f4491ddc2c3b1409712867c164b54bb5796712d006,아임해피,"['군산시', '경암동', '681-29']",오산면 장신리 1127번지 201동 703호 장신휴먼시아2단지 익산시 전라북도 KR,0,0,not_match
344,2032,f449fa1576ee57a1d8c8d57f121be8bb8f2de052ab93c37bd549aeee7e2e0f2d,한국피엠오,"['군산시', '산북동', '3541']",구로동 191-7번지 1001호 구로구 서울특별시 KR,0,0,not_match
345,2042,9d6c66d54f54f2c93a8dc93ec88d11495b383f290a2d898ddb94bf22265c0bd4,이츠유,"['전주시', '완산구', '효자동3가', '1592-4']",전라북도 전주시 완산구 중화산동2가 446-10번지 KR 헤브론빌 101호,0,0,match_dong
346,2059,292bb0bd6c4069d86b2a1567a151dfcc6cc8646ee49faeedc88362656d937522,토당마을,"['정읍시', '소성면', '보화리', '31-1']",전라북도 정읍시 소성면 대성길 84-1,0,0,match_dong
347,2060,301cd254dab1c2c2764d711667ea0dbfbcb034d49b7625cd9aee9b99b15c4220,토부농장,"['고창군', '부안면', '오산리', '101-3']",전라북도 고창군 부안면 하오2길 16,0,0,match_dong
348,2082,08904a1ca6466e0a25bc55fb40cc29f8c96f5fb074a22749bb2b810fea67ddc5,바다네,"['순천시', '조례동', '1629']",조례동 1125-11번지 가동 103호 순천시 전라남도 KR,0,0,match_dong
349,2087,38f998dee2a15de7c2c7fedd798889e66b7fdad33a080e95576032889816cdc2,장보는강아지와고양이,"['광양시', '중동', '1429-1']",금산면 장사리 965-1번지 101동 1301호 북진주아이파크 진주시 경상남도 KR,0,0,not_match
350,2087,38f998dee2a15de7c2c7fedd798889e66b7fdad33a080e95576032889816cdc2,장보는강아지와고양이,"['광양시', '중동', '1429-1']",광주광역시 동구 소태동 585-11,0,0,not_match
351,2087,38f998dee2a15de7c2c7fedd798889e66b7fdad33a080e95576032889816cdc2,장보는강아지와고양이,"['광양시', '중동', '1429-1']",경상남도 진주시 초전동 904-1,4.6,7,not_match
352,2092,207384cfb5bd520e4df6a379abef463327abe0787846c3774386e43e2d2bcddc,애견랜드,"['나주시', '금성동', '31-3']",전라남도 나주시 금성동 30-1,3.0,4,match_dong
353,2116,fb3882ae9e75ec68ee10c963b353c9eec86cd0cb6ace1be26902b8fa43a00597,써니펫,"['경주시', '충효동', '2987-7']",경상북도 경주시 충효동,2.0,1,match_dong
354,2124,6b04c663c7dae52359285a6537f903b40569010e2be4ece989cd2247ca3e8168,퍼피스캔들,"['구미시', '원평동', '410-3']",원평동 90-8번지 구미시 경상북도 KR,0,0,match_dong
355,2138,e78103886cfa14450687b57889987700851a57894ce3024511b1bfa7c012f29c,애견용품백화점,"['구미시', '원평1동', '964-210']",경상북도 구미시 원평1동 964-209,0,0,match_dong
356,2139,6243659f7f4e2cc8e7facd7b5d2d4f953b54fb79516d14b777959d81d809f05c,야미,"['구미시', '옥계동', '887-10']",경상북도 구미시 사곡동 222번지 KR 1층,0,0,match_gu
357,2139,6243659f7f4e2cc8e7facd7b5d2d4f953b54fb79516d14b777959d81d809f05c,야미,"['구미시', '옥계동', '887-10']",경상북도 구미시 원평2동 124-13,0,0,match_gu
358,2140,7b0efc5d322d62c30796f1e0d15f0f0ef1b6a7d5469e061818288cdb20fa60bd,진평애견,"['구미시', '인의동', '39-7']",경상북도 구미시 인의동 701-8,0,0,match_dong
359,2143,e5b85224c3753635dceda0262d1fcc12226239410f622c539e31d2e10f33cb34,폴리파크옥계점,"['구미시', '옥계동', '789-5']",경상북도 구미시 옥계동 789 5번지 KR,0,0,match_dong
360,2147,c6148ced1a930d3ac9da1ad7daaaec6c53e2ba28911adba244a4d2a218b48c4e,펫마트왜관점,"['칠곡군', '왜관읍', '왜관리', '789-6']",경상북도 칠곡군 왜관읍 중앙로 67,3.0,11,match_dong
361,2148,5004ec15ba7db5815b924b1d11dae2a3df1efcfd705236e70831bdf4e8e37902,강아지반상회,"['영천시', '야사동', '172-21']",경상북도 영천시 야사동 호국로 57,3.5,4,match_dong
362,2152,f3a5c331ae567d8a16381eb67abf3944b6bd310eb3312a026a10285339af0837,펫츠프랜드,"['상주시', '신봉동', '150-15']",경상북도 상주시 신봉동 1-50,5.0,2,match_dong
363,2153,defdd85080b9c0bde19cd3c5dc8020e2349098cf8de8696d6ff0c04997cf7ddb,더펫샵경산점,"['경산시', '중산동', '591']",경상북도 경산시 옥산동 경산로 227,4.4,49,match_gu
364,2155,0c163dfa9b872ca0aee321376452b3b286f6297a6cda534f316bf963875999a2,멍멍닷컴,"['경산시', '옥산동', '860-5']",경상북도 경산시 계양동,0,0,match_gu
365,2157,1b44bd0dfabd5b2a4be4d75b00796eef30161ac4c8e3fa21c49150a6424d30d9,"고마워,강아지","['경산시', '대평동', '429-9']",경상북도 경산시 북부동 경안로67길 14,5.0,1,match_gu
366,2158,8ba900f1456912d926a022019b5d80cc564a5bb6a28dc287a7d85462be7315a2,애견용품할인마트,"['경산시', '사정동', '31-3']",김해시 장유면,0,0,not_match
367,2158,8ba900f1456912d926a022019b5d80cc564a5bb6a28dc287a7d85462be7315a2,애견용품할인마트,"['경산시', '사정동', '31-3']",삼방동 656-6번지 1층 김해시 경상남도 KR,0,0,not_match
368,2161,641bdb72d97bcbb58b22036d49c211d7ba9858f8493c6892a5da0d0f932b111f,멍멍이네,"['경산시', '자인면', '서부리', '149-1']",계양동 666-21번지 경산시 경상북도 KR,0,0,match_gu
369,2164,6901c370e8b679c6823f896223762130f9956ffeeb01339ea4512d6c026e3418,도거박스,"['경산시', '사동', '607-3']",경상북도 경산시 사동 원효로40길 64,0,0,match_dong
370,2168,c109d418177039a52d1c989410729a9c583f57757486e73d5242499be31f9740,펫마트밀양점,"['밀양시', '내이동', '1149-13']",경상남도 밀양시 내이동 백민로 43,0,0,match_dong
371,2170,0ded0abf0d64848768846ff7fd8e934c3a6e1537b0c1cc2341fc3228ac22f620,퍼피프린스,"['밀양시', '내이동', '878-14']",경상남도 밀양시 내이동,0,0,match_dong
372,2176,3260df39bbbaf90d46dc11327505ec47347544a5996f84a5b279156646249b95,멍멍멍,"['창원시', '의창구', '명서동', '179-10']",서울특별시 송파구 가락동 93,3.6,29,not_match
373,2185,611daf574dd545e33813b85283fa579802f2172eb3823723be2913190fbceb1f,퍼피앤피플,"['창원시', '성산구', '중앙동', '95-3']",경상남도 창원시 마산회원구 두척동 970번지,0,0,match_gu
374,2186,740365e1538e3a8e62367dd6f12222732f1df72e62bd7118ccc8c8c3afa97aac,펫앤케어,"['창원시', '성산구', '중앙동', '95-3']",경상남도 창원시 마산합포구 현동 371번지 KR 107호,0,0,match_gu
375,2190,7ecb35fc3ab25a02a6661c496e4eed75ab56987dbd3d88db51e8a25073362908,해피하우스,"['창원시', '진해구', '여좌동', '135-15']",경상남도 창원시 마산합포구 부림동 52-3,0,0,match_gu
376,2190,7ecb35fc3ab25a02a6661c496e4eed75ab56987dbd3d88db51e8a25073362908,해피하우스,"['창원시', '진해구', '여좌동', '135-15']",경상남도 창원시 마산합포구 오동동 149-1,0,0,match_gu
377,2193,f3a181b667b6168bd3babb1ed10dd0c66feb891cb68100b4c4f701df31c8af97,밀레쥬,"['창원시', '진해구', '여좌동', '761-27']",권선구 탑동 888-6번지 102호 수원시 경기도 KR,0,0,not_match
378,2196,dde8e4a94732ca3132d4791ac4410b74deebee15633966fe861730302d797174,개를품은남자,"['창원시', '마산합포구', '신포동2가', '54']",진해구 용원동 1265-12번지 창원시 경상남도 KR,0,0,match_gu
379,2197,a83b3a45641afe7ce416e90a4d0a1518eae22f3c80714862d3f9f620dc91eb92,냠냠쩝쩝,"['창원시', '마산합포구', '자산동', '310-8']",마산회원구 구암동 18-9번지 1층 창원시 경상남도 KR,0,0,match_gu
380,2225,c0cc7d05a06f015e581d704af25a5ccfc5487df790b0b36ebb3bafaceefc0d4c,화성,"['김해시', '한림면', '용덕리', '307']",경상남도 김해시 장유면 유하리 847,0,0,match_gu
381,2225,c0cc7d05a06f015e581d704af25a5ccfc5487df790b0b36ebb3bafaceefc0d4c,화성,"['김해시', '한림면', '용덕리', '307']",어방동 1114-5번지 702호 김해시 경상남도 KR,0,0,match_gu
382,2225,c0cc7d05a06f015e581d704af25a5ccfc5487df790b0b36ebb3bafaceefc0d4c,화성,"['김해시', '한림면', '용덕리', '307']",상동면 우계리 273-2번지 김해시 경상남도 KR,0,0,match_gu
383,2225,c0cc7d05a06f015e581d704af25a5ccfc5487df790b0b36ebb3bafaceefc0d4c,화성,"['김해시', '한림면', '용덕리', '307']",한림면 명동리 461-4번지 김해시 경상남도 KR,0,0,match_dong
384,2225,c0cc7d05a06f015e581d704af25a5ccfc5487df790b0b36ebb3bafaceefc0d4c,화성,"['김해시', '한림면', '용덕리', '307']",한림면 퇴래리 657-2번지 김해시 경상남도 KR,0,0,match_dong
385,2225,c0cc7d05a06f015e581d704af25a5ccfc5487df790b0b36ebb3bafaceefc0d4c,화성,"['김해시', '한림면', '용덕리', '307']",경상남도 김해시 한림면 명동리 843,0,0,match_dong
386,2225,c0cc7d05a06f015e581d704af25a5ccfc5487df790b0b36ebb3bafaceefc0d4c,화성,"['김해시', '한림면', '용덕리', '307']",경상남도 김해시 장유면 유하리 334-1,3.0,2,match_gu
387,2225,c0cc7d05a06f015e581d704af25a5ccfc5487df790b0b36ebb3bafaceefc0d4c,화성,"['김해시', '한림면', '용덕리', '307']",경상남도 김해시 한림면 퇴래리,3.0,1,match_dong
388,2225,c0cc7d05a06f015e581d704af25a5ccfc5487df790b0b36ebb3bafaceefc0d4c,화성,"['김해시', '한림면', '용덕리', '307']",삼방동 667-9번지 다세대상가 101호 김해시 경상남도 KR,0,0,match_gu
389,2225,c0cc7d05a06f015e581d704af25a5ccfc5487df790b0b36ebb3bafaceefc0d4c,화성,"['김해시', '한림면', '용덕리', '307']",경상남도 김해시 부원동 69-5,0,0,match_gu
390,2225,c0cc7d05a06f015e581d704af25a5ccfc5487df790b0b36ebb3bafaceefc0d4c,화성,"['김해시', '한림면', '용덕리', '307']",경상남도 김해시 한림면 퇴래리 657-2,0,0,match_dong
391,2225,c0cc7d05a06f015e581d704af25a5ccfc5487df790b0b36ebb3bafaceefc0d4c,화성,"['김해시', '한림면', '용덕리', '307']",경상남도 김해시 한림면 명동리 474,0,0,match_dong
392,2225,c0cc7d05a06f015e581d704af25a5ccfc5487df790b0b36ebb3bafaceefc0d4c,화성,"['김해시', '한림면', '용덕리', '307']",경상남도 김해시 어방동 89-4,0,0,match_gu
393,2231,c1b671e126c8844988e6db789d02beb903d46b71bbb4604b1ab74c5483e66fa3,캣앤독,"['김해시', '삼계동', '406-2']",경상남도 김해시 화목동 705-17,0,0,match_gu
394,2233,bc3e27ada90fe451798c64668e6013b4454bdd800a4222386879adc9f05a14b7,퍼피츄,"['김해시', '내동', '1069-5']",경상남도 김해시 금관대로1368번길 8 KR 퍼피츄 1층,0,0,match_gu
395,2243,337ee3ae2f57183dc93a5482903d1b02479e27412d26c58f737471dcc86a38cc,펫마트양산점,"['양산시', '신기동', '649-9']",경상남도 양산시 신기동 양산대로 935,4.4,8,match_dong
396,2244,5b0506e08b478d4c14144984103146c065338a22bd9852e9bfbec781b33d2a25,사료할인마트,"['양산시', '북정동', '888-9']",상북면 석계리 74-10번지 양산시 경상남도 KR,0,0,match_gu
397,2244,5b0506e08b478d4c14144984103146c065338a22bd9852e9bfbec781b33d2a25,사료할인마트,"['양산시', '북정동', '888-9']",부산광역시 청룡노포동,0,0,not_match
398,2244,5b0506e08b478d4c14144984103146c065338a22bd9852e9bfbec781b33d2a25,사료할인마트,"['양산시', '북정동', '888-9']",양산시 덕계동,0,0,match_gu
399,2244,5b0506e08b478d4c14144984103146c065338a22bd9852e9bfbec781b33d2a25,사료할인마트,"['양산시', '북정동', '888-9']",부산광역시 금정구 노포동,0,0,not_match
400,2244,5b0506e08b478d4c14144984103146c065338a22bd9852e9bfbec781b33d2a25,사료할인마트,"['양산시', '북정동', '888-9']",부산광역시 금정구 구서2동 742-9,4.4,11,not_match
401,2247,c9aa792e0c2b216908c003b41950d6bbc8f64996569a6e65e52f0ecb659a2f6b,사료할인마트,"['양산시', '덕계동', '724-72']",경상남도 양산시 평산동 635 평산동 635번지 평산동 양산시 경상남도 KR 50551,0,0,match_gu
402,2248,969a36f35efec34e3b53bb58340c23909adc419f2a7aee85df17eac99ea8c67a,BOB애견용품백화점,"['양산시', '중부동', '680-1']",울산광역시 남구 신정4동 810-4,4.2,11,not_match
403,2248,969a36f35efec34e3b53bb58340c23909adc419f2a7aee85df17eac99ea8c67a,BOB애견용품백화점,"['양산시', '중부동', '680-1']",부산광역시 초읍동,0,0,not_match
404,2256,018d20f4acfbd3b08035d1db82066b54e8a962b865d04098a1c2374df9f553c7,펫앤펫츠,"['함안군', '칠원읍', '운서리', '93-1']",경상남도 함안군 칠원면 운서리 35-2,0,0,match_gu
405,2260,491ee607e37c1ceed2e0d371bac59ca97d5210fe1a9d6227debab6ff4050140b,사료는식품이다,"['제주시', '아라일동', '2612-13']",제주특별자치도 제주시 구산로 35 제주특별자치도,4.0,4,match_gu
406,2264,05566539f28034fb952e47f76e949a87965603b04389570a0955002caa1675da,똥강아지,"['제주시', '화북이동', '116']",제주특별자치도 제주시 화북이동,1.0,1,match_dong
407,2266,53d23aea75b0a806ca35d52fc03bc8f025c156d7353674e30c6992801b5f144e,퍼피홀릭,"['제주시', '아라이동', '3003-10']",제주특별자치도 제주시 아라이동,0,0,match_dong
408,2270,77c5fa58821eed648b4a6362bd9ba2664a9cfbdf544bd29b33dda02851a76dac,제일사료,"['제주시', '오라일동', '2444-9']",제주특별자치도 제주시 이도2동 426-1,4.0,1,match_gu
409,2271,7fe21f5a994c8a05f972c22b10e8dd5f2b58d7ff297be8278325eef34cdc410b,오롯,"['제주시', '도평동', '492-2']",제주특별자치도 제주시 아라동 신설로11길 2-10,4.3,153,match_gu
410,2272,cf42e2744966024d50f4b62f194677ad9551a8308a757fec7e5c66c571c95609,펫마트제주도남점,"['제주시', '도남동', '82-3']",제주특별자치도 제주시 도남동 도남로 89 펫마트 도남점 1층,4.5,4,match_dong
411,2276,4ca455975a9fdd61bd9f7e4a5a6f8b889b0d5881f606cf8199dbb4b863ac0dfe,스타일펫,"['서귀포시', '동홍동', '1546-1']",제주특별자치도 제주시 삼도2동 212-3,0,0,not_match
412,2283,c6d0dd697a128d90f80daa720589a5e29a90883f8571f2f32eecf0b852497be0,바르다펫장안점,"['동대문구', '장안동', '94-30']",KR 서울특별시 동대문구 사가정로24길 41 만정빌딩 바르다펫 1층,0,0,match_gu
413,2288,f37dc60d3892776194011c502fb0e136401b0ee24b302ac1c58de5c15acae7bf,아마존애견미용,"['구리시', '교문1동', '259-1']",경기도 구리시 교문1동 경춘로 128,5.0,1,match_dong
414,2296,e6be3f4790c8b2347eb4ec2242f918f91454f3120a89be5209524c42906ca3ed,강남애견미용샵,"['강서구', '화곡8동', '897-22']",서울특별시 강서구 화곡동 391-57,0,0,match_gu
415,2307,2c6af71c69a284f81a198c917280d68cfe525d8c4c8b9d036de816b859b7f750,38도씨애견미용바이,"['사하구', '괴정동', '1117-30']",부산광역시 사하구 괴정4동 1117-30,0,0,match_gu
416,2308,3779dc1cb9d0315e1667213182deb47c0da93bf7181476053e8e86043ad0cab6,고양이무마취미용,"['사하구', '하단동', '518-20']",부산광역시 사하구 하단2동 518-20,0,0,match_gu
417,2311,8ab79696f983f149af809093244aae527bef1cb6af001d9e661dca0d087df773,ABC애견미용학원,"['중구', '태평로1가', '6-12']",대구광역시 중구 태평로1가 5-2,4.0,1,match_dong
418,2312,dd21aad16154dc39798a391e0e8bdd6acc716f3c356a5cd18340046cce3afba6,킴스애견미용,"['남구', '이천동', '631-22']",서울특별시 강남구 논현1동 강남대로 522,0,0,match_gu
419,2314,34e857d6d03591b19b997231d9d3473da1b18960c50cd704d15dde6695632d9c,쿨펫애견미용,"['중구', '송학동3가', '5-2']",서울특별시 서초구 잠원동,0,0,not_match
420,2314,34e857d6d03591b19b997231d9d3473da1b18960c50cd704d15dde6695632d9c,쿨펫애견미용,"['중구', '송학동3가', '5-2']",경기도 성남시 분당구 구미동 185-1 185-1번지 2층,0,0,not_match
421,2318,5a87e3634955eca38c382b2e6350b8cb722505e4507d45d940a448977a6902c5,순이와새롬이애견미용,"['연수구', '청학동', '563-8']",인천광역시 연수구 청학동,5.0,1,match_dong
422,2324,10abf5dfa90d127e4626806e1ecb9fd4ec40a9bc060ab15de4e07208358bad84,준애견미용샵,"['남동구', '만수동', '5-176']",인천광역시 남동구 만수2동 5-176,0,0,match_gu
423,2328,6946d9d8e1092745224cd01aa65e6a7d38f71087a265817b1fe5ce7e59dd206a,출장미용이동애견샵애견천사,"['서구', '풍암동', '1071-1']",광주광역시 서구 풍암동,0,0,match_dong
424,2333,2d24e25d40fe287fdc0995285fb6372ea45184752b7d3fe78d978eb8a13a63ad,도그앤피플,"['남구', '무거동', '855-7']",울산광역시 남구 무거동 대학로 127,4.0,10,match_dong
425,2335,f0e02e2f3d95058ae033f2ef384a427b20e35b4c52ce3c8d70c4c22921fc75a5,미용하시개,"['수원시', '장안구', '조원동', '739']",구로동 792-58번지 201호 미도빌라 구로구 서울특별시 KR,0,0,not_match
426,2339,3970a08b3f2dcd022c16f6356d01b7ba145498ddd8a20261da0645a88cb787bd,애견미용호텔,"['용인시', '기흥구', '보라동', '166']",경기도 남양주시 와부읍 덕소로 248-1,4.0,5,not_match
427,2344,8e843ab3d83df2e58ac1ae39ce57c408fb9fe04b2535dd8dc2b533e827dbba66,강변애견미용,"['안성시', '낙원동', '403-1']",봉산동 417-2번지 안성시 경기도 KR,0,0,match_gu
428,2352,4de2bf8499a8fef71c716c748482e7fd17e6a7e791ccddb889ad6bd8541e0e88,금촌애견미용,"['파주시', '금촌동', '106']",경기도 파주시 금촌동,0,0,match_dong
429,2355,a788a0bfb4a278552dcd952219e007010c502e4d82d5b8aac5c0d249471a6f68,보리애견미용,"['여주시', '현암동', '177-7']",여주군 여주읍,0,0,not_match
430,2365,e033f78ddc024027301c655e5cafe9f438e7ce97b9516550e2ec6d6ad3ff3529,당진애견미용,"['당진시', '읍내동', '1109']",당진시 수청동,0,0,match_gu
431,2366,b24949c6b704ce5c1761a0bd66ce253321a73683814eac8354a71c908a198ef3,펫살롱노아,"['군산시', '지곡동', '501']",전라북도 군산시 문화동,2.6,5,match_gu
432,2369,61fa3d8bab978b885a62fb075d182623ed26f31702aad53378594764ab6f50a2,스타펫,"['여수시', '여서동', '239-1']",전라남도 여수시 여문1로 37 KR,0,0,match_gu
433,2374,30b5a93adb114fe5d342abe13b5738e72691ec79224d9ea1b52488062b00a72d,몽이애견미용,"['창원시', '마산회원구', '양덕동', '73-33']",경상남도 창원시 마산회원구 양덕1동,0,0,match_dong
434,2379,28ea3cb9f3390d7116b3d92dbf06cdada09d084dcf1e528dda51e598dec2abcf,오드리애견미용,"['통영시', '항남동', '270-33']",서울특별시 강남구 논현로613 유상빌딩 3층 (구-191-16번지),0,0,not_match
435,2381,443a0807c15913e0d87429d80a135deb5334a571cbbca6c5cd51d0510ddb4899,애견미용나나엄마,"['사천시', '벌리동', '211-4']",경상남도 사천시 벌리동,0,0,match_dong
436,2382,37eab4a6675521ed68148aae8701d13cbf06c298caa69c807e0d62a45a63254a,코코애견미용,"['김해시', '외동', '1226-6']",벌리동 475-15번지 사천시 경상남도 KR,0,0,not_match
437,2399,988d6dd3c22d3626fdda6b2756ea2f2b399a9f171fb72d2ede26e5f4af64d0cf,예일,"['서대문구', '홍은동', '409-11']",서울특별시 서대문구 신촌동 연세로11길 5,3.6,8,match_gu
438,2399,988d6dd3c22d3626fdda6b2756ea2f2b399a9f171fb72d2ede26e5f4af64d0cf,예일,"['서대문구', '홍은동', '409-11']",서울특별시 서대문구 창천동 53-15,5.0,1,match_gu
439,2399,988d6dd3c22d3626fdda6b2756ea2f2b399a9f171fb72d2ede26e5f4af64d0cf,예일,"['서대문구', '홍은동', '409-11']",서울특별시 서대문구 북가좌동 75,0,0,match_gu
440,2399,988d6dd3c22d3626fdda6b2756ea2f2b399a9f171fb72d2ede26e5f4af64d0cf,예일,"['서대문구', '홍은동', '409-11']",서울특별시 서대문구 홍은동 409-10,0,0,match_dong
441,2400,a7eec0b4461a462d520c411550d91e692fa4ee9730f1f697dab33d2f95d11248,다독,"['용산구', '이태원동', '562']",서울특별시 용산구 이태원2동 녹사평대로46길 1,4.4,21,match_gu
442,2405,7f3d9521730e2b48a81013d21676de08e67c5d88ec2e4dfeaa44abf73f3a771c,어라운드독,"['성동구', '성수동1가', '685-483']",서울특별시 성동구 성수동1가 서울숲2길 24-1,4.0,3,match_dong
443,2410,b6a9648670eb9f1312289df0e40ebcd8edb6a58bd3f7175ef57016c4c27873f7,구름뜬하늘,"['마포구', '서교동', '339-5']",서울특별시 마포구 서교동 와우산로27길 21,4.2,137,match_dong
444,2414,384a9c70f5c3dddaf4ce1b11a040241d09727fae1e0e2841bf0dd4436373bb03,필스타,"['강남구', '청담동', '20-28']",역삼동 630-7번지 역삼동 강남구 서울특별시 KR,0,0,match_gu
445,2416,cb5b3edf5bdb15a11097d79332512ccaefb06f99a853ed269a7728422a1fbd72,바로나도,"['동대문구', '답십리동', '267-12']",서울특별시 동대문구 답십리1동 267-2,0,0,match_gu
446,2418,fb40a281a64bd038a7c32d947b184bfc034002ed5fdfb5c84c70416bbd6cc366,레인독,"['성동구', '용답동', '83-8']",서울특별시 종로구 명륜2가 혜화로3길 5 명륜아남아파트상가 레인독,0,0,not_match
447,2420,a3dd2bed13e0fb9dd2b1c311bccec246de15da168a57dc4c9c06e5aa90592274,까네지노,"['동대문구', '답십리동', '267-2']",전농동 206-157번지 동대문구 서울특별시 KR,0,0,match_gu
448,2422,27b2e6e90abdfc04cdb5dfef66d1f23bade503c442555f52346dccc561859fe2,헤이코타,"['강남구', '논현동', '124-15']",서울특별시 강남구 논현1동 125-17,4.0,7,match_gu
449,2424,00d393ab23bc8bfc04614437b5fbe1fae6f1a20c1e3854b5d28ad19cfce1f3e7,개랑놀아주는남자,"['서초구', '서초동', '1302-50']",서울특별시 서초구 서초4동 사평대로56길 4,0,0,match_gu
450,2431,4007266ad094e3ee46013abedf5706c4d23df056a4c73e94cbb391ec4e9af1a0,바우하우스,"['마포구', '서교동', '394-44']",서울특별시 마포구 서교동 양화로 64,4.4,378,match_dong
451,2433,145f7d55a2284997e0f0c5baf74d45ac32fbb3487b60f3a7b13e5e8079788515,괜찮아우리사이,"['광진구', '화양동', '9-76']",서울특별시 광진구 화양동 아차산로31길 27,3.8,19,match_dong
452,2436,b5a437d0744c5c669a65c1b9519236302ca89ab9c59d8d412bd80142fd2c03b7,마포다방,"['마포구', '서교동', '369-25']",서울특별시 마포구 서교동 홍익로5안길 47,0,0,match_dong
453,2438,16a22500a704092c51f2d45a9479a7aa6ad0c97f71c7f39602830029186c547e,AI,"['강남구', '역삼동', '616-4']",서울특별시 강남구 수서동 광평로56길 14,5.0,1,match_gu
454,2438,16a22500a704092c51f2d45a9479a7aa6ad0c97f71c7f39602830029186c547e,AI,"['강남구', '역삼동', '616-4']",서울특별시 강남구 삼성1동 영동대로 513,0,0,match_gu
455,2438,16a22500a704092c51f2d45a9479a7aa6ad0c97f71c7f39602830029186c547e,AI,"['강남구', '역삼동', '616-4']",서울특별시 강남구 신사동 도산대로 145,0,0,match_gu
456,2438,16a22500a704092c51f2d45a9479a7aa6ad0c97f71c7f39602830029186c547e,AI,"['강남구', '역삼동', '616-4']",서울특별시 강남구 논현동 강남대로 500,0,0,match_gu
457,2439,6683da577161907da370c94c70b4c70b1ddd396debbdf0f6e23154a608d3b0b2,두젠틀,"['동작구', '상도동', '26-27']",서울특별시 강남구 역삼동 667-10번지 하1층 별관,0,0,not_match
458,2449,ccf966ee6f68e357c4db2482ed0c54b5190c57fc1ce9f61dd0fd06acaf2de4ba,크레타,"['강남구', '삼성동', '60-24']",역삼동 825-1번지 4층 강남구 서울특별시 KR,0,0,match_gu
459,2449,ccf966ee6f68e357c4db2482ed0c54b5190c57fc1ce9f61dd0fd06acaf2de4ba,크레타,"['강남구', '삼성동', '60-24']",서울특별시 강남구 논현2동 봉은사로 213,0,0,match_gu
460,2453,83bad1f5eaa9e32f51a840c304767dade6cb30132d8f7ba54bd7623d7b3d0add,빈스독,"['동대문구', '이문동', '305-94']",서울특별시 동대문구 이문동 휘경로2가길 21,0,0,match_dong
461,2455,1da35346d1477352ca6e2cf523469205664070f14bebd554a9387c4a2fc1ee4e,퍼피,"['광진구', '구의동', '593-14']",중곡동 639-13번지 1층 광진구 서울특별시 KR,0,0,match_gu
462,2455,1da35346d1477352ca6e2cf523469205664070f14bebd554a9387c4a2fc1ee4e,퍼피,"['광진구', '구의동', '593-14']",서울특별시 광진구 중곡동 47-22,0,0,match_gu
463,2455,1da35346d1477352ca6e2cf523469205664070f14bebd554a9387c4a2fc1ee4e,퍼피,"['광진구', '구의동', '593-14']",서울특별시 강남구 논현동 88-6번지 상문빌딩 5층,0,0,not_match
464,2455,1da35346d1477352ca6e2cf523469205664070f14bebd554a9387c4a2fc1ee4e,퍼피,"['광진구', '구의동', '593-14']",논현동 198-20 KR 서울특별시 강남구 강남대로112길 11 1층,0,0,not_match
465,2461,457911b53a667090b470bdee09be77f50932496757c8297037a92f0a71ac6664,말랑말랑,"['중랑구', '중화동', '307-62']",서울특별시 마포구 서교동 와우산로21길 6,3.8,18,not_match
466,2461,457911b53a667090b470bdee09be77f50932496757c8297037a92f0a71ac6664,말랑말랑,"['중랑구', '중화동', '307-62']",서울특별시 영등포구 신길1동 영등포로 372,0,0,not_match
467,2461,457911b53a667090b470bdee09be77f50932496757c8297037a92f0a71ac6664,말랑말랑,"['중랑구', '중화동', '307-62']",경기도 성남시 분당구 대왕판교로644번길 49 KR 한컴타워 10층,0,0,not_match
468,2462,1e9b51b31abaf863a22def2506d1d2a5f7d5d457013b6160a26d544f883c6906,씨티독도심속의강아지,"['강동구', '성내동', '50-17']",서울특별시 강동구 성내동 50-16,4.2,43,match_dong
469,2466,bd423bb6adfdb8a8b7709fe9e4e58cf2993993000ad12a8a359fb7f592a6dbbc,카페어질리티,"['강동구', '성내동', '428-5']",서울특별시 강동구 성내동 양재대로 1355,4.5,6,match_dong
470,2474,2b3619b709c9a1db8f36d57b70964cf298c2a00365278d7957a5bbd766a5319c,바니바니,"['노원구', '하계동', '155-3']",서울특별시 은평구 응암동 290-1번지,0,0,not_match
471,2475,ac1be554e146281c8bb347ef75f44adcbea2489040c7177c41935f181f8dec4d,펫다방,"['구리시', '수택동', '404-9']",경기도 구리시 수택동 검배로6번길 14,0,0,match_dong
472,2479,3fb6c807aafddaf77dd51458dc0512594b99eda4b454180ddaea1d98032da98c,반려,"['강북구', '번동', '449-10']",서울특별시 강북구 송중동 동,0,0,match_gu
473,2481,e0cdab4b0e4a4fe84f1e098af2890359d59eb2391b26d393f8924d413f017fc8,애견카페개그멍,"['노원구', '상계동', '603-14']",서울특별시 노원구 상계2동 상계로1길 8,4.5,4,match_gu
474,2488,2b3a18444a2793ab6a9da73acbf7180473466ce89b5a97c853e834056682ad52,멍스,"['남양주시', '별내동', '943']",경기도 남양주시 평내동 경춘로 1292-34,0,0,match_gu
475,2488,2b3a18444a2793ab6a9da73acbf7180473466ce89b5a97c853e834056682ad52,멍스,"['남양주시', '별내동', '943']",경기도 남양주시 두물 별내동 금곡로27번길 23,0,0,match_dong
476,2488,2b3a18444a2793ab6a9da73acbf7180473466ce89b5a97c853e834056682ad52,멍스,"['남양주시', '별내동', '943']",경기도 남양주시 늘을2로 96 KR,0,0,match_gu
477,2492,c06c9e19e20724f8424b75ead51a2922d03f7d64b83ae0ebb9ca0899e2e23e87,애견마을,"['노원구', '상계3.4동', '72-34']",상계동 72-34번지 2층 노원구 서울특별시 KR,0,0,match_gu
478,2498,109528120ce0128578d60bffcac4b1d537f91d452c006d37fb9967f9a0595ecc,솜글탱글,"['은평구', '진관동', '330-3']",서울특별시 은평구 진관동 330,0,0,match_dong
479,2503,1efe8a33634f2da36d814d5339c66fb5a4de45a4bf94f354dac09dbbdaed4825,오시개,"['의정부시', '의정부동', '158-7']",경기도 의정부시 의정부동 번지 나동 549-7 KR 영빈유토빌 201호,0,0,match_dong
480,2505,a446c1ee36cf196150c4af68b69dc25ea58f8f453a10f83011637cc5bdaa66f0,런닝독,"['은평구', '응암동', '585-10']",서울특별시 은평구 응암동 가좌로 251 2층,5.0,1,match_dong
481,2516,32f4ad5b8f108bd3d146a7773ea315701f45d03e78982c6f6c86942f24c1e41a,개편한카페,"['강서구', '염창동', '242-34']",시흥동 272-20번지 4층 금천구 서울특별시 KR,0,0,not_match
482,2518,62e7db70e5805abb90ac7307904eabd14a7ca77ab6d5416c67b0eaf92955f829,견블리,"['영등포구', '신길동', '59-2']",서울특별시 영등포구 신길1동 59-2,0,0,match_gu
483,2522,ad6bf438a339fff109adf14b0afc7e4adc363851c8e8f7ae97959aaf300f982e,왓더독,"['강서구', '마곡동', '727-102']",서울특별시 강서구 마곡동 776-2 마곡센트럴대강디엠시티 219호,0,0,match_dong
484,2523,fdc10593aa28883c9307543b5a8abd63c46c5ed7ca702f13f71555f595350d8a,노블도그,"['강서구', '화곡동', '1013']",blog.naver.com,4.1,28,not_match
485,2526,b2adb7dc9736bc833e941e5b573c2d77e9c46556ae6f3df56748a1f01443400d,멍살롱,"['구로구', '고척동', '50-48']",서울특별시 구로구 고척동 중앙로 64 멍살롱 1층,0,0,match_dong
486,2533,8de386c13710d6a7e742f272c5ea923c63ee72116bee2cbabd7d5ce951686f3a,아임멍,"['강서구', '마곡동', '365-19']",마곡 759번지 KR 서울특별시 강서구 마곡동 센트럴타워 II 213호,0,0,match_dong
487,2534,fdb8eed40ddc8604d34bd58a531adffed66e34d6a62ff396b68819609e078028,펫티,"['강서구', '마곡동', '728-134']",강서구 공항대로 222 KR 서울특별시 강서구 마곡동 800-4 발산W타워 403호,3.0,2,match_dong
488,2537,60eaa9e6ea522ea1d0bdf0cef2f78bfa521f300663482d873a8a88f5e45314ae,프리독애견카페,"['동작구', '신대방동', '364-75']",서울특별시 동작구 신대방동 여의대방로22바길 2,3.6,7,match_dong
489,2539,66349287377887d0e6200048e1e2a222528c7c1228ba7d153a29db62de7a04db,북앤독카페,"['광명시', '하안3동', '110']",하안동 110-3번지 하동 1층 광명시 경기도 KR,3.2,6,match_gu
490,2541,f188a0bc93a1029e752055f28a9c07c42b356056e45d4d439fa6f6eb817674e8,해피치애견카페,"['금천구', '독산동', '1009-29']",서울특별시 금천구 독산1동 시흥대로 351,4.1,14,match_gu
491,2542,947564f513965e86906024e6a325a5f206ca9407259447436056c7033bfaeefe,투퍼피,"['관악구', '신림동', '1429-16']",서울특별시 관악구 1429-16 3층,0,0,match_gu
492,2552,e1bf4cea28c25e00fa5a5243e7650d09c61dfa304be75a3b720cea53ae69e385,지니앤독,"['관악구', '신림동', '10-629']",서울특별시 관악구 신림동,4.5,10,match_dong
493,2558,efb240876279942aa3d2b426f4d5fcddeefa4471f7c719330f74c9c85e9c8dbf,도그스케치,"['광명시', '노온사동', '207-4']",광명동 374-87번지 102호 광명동 광명시 경기도 KR,0,0,match_gu
494,2561,f2bf820fc896911433e1a4b92e2c721ad1afce808b44d4cfefa68b60f1f6b28a,소울메이독,"['안양시', '만안구', '석수동', '814-5']","경기도 안양시 만안구 석수1동 814-5 메이독, 소울",0,0,match_dong
495,2564,b01cd58655323d7c3c9cd1387895e6a315629c3110411ccd86dbd77c3d6c5d3e,루체인알티스,"['안양시', '만안구', '안양동', '1390-4']",서교동 460-19번지 2층 새싹빌딩 마포구 서울특별시 KR,0,0,not_match
496,2564,b01cd58655323d7c3c9cd1387895e6a315629c3110411ccd86dbd77c3d6c5d3e,루체인알티스,"['안양시', '만안구', '안양동', '1390-4']",서울특별시 마포구 망원동 번지 2호 478-11 3층,0,0,not_match
497,2564,b01cd58655323d7c3c9cd1387895e6a315629c3110411ccd86dbd77c3d6c5d3e,루체인알티스,"['안양시', '만안구', '안양동', '1390-4']",경기도 양주시 덕계동 번지 3층 574-16 KR,0,0,not_match
498,2567,64a155db26041b3b7724281551b9eaff8c6443ab527e6053b0840bafa812147b,발라당팍,"['과천시', '주암동', '475']",경기도 과천시 주암동 삼부골2로 12-17,4.2,13,match_dong
499,2569,39db8da6009f9c2d09c30830e0feac5a69b68b7237ffc2eb9b9257c175b0dc5b,후아후아,"['성남시', '수정구', '창곡동', '565']",경기도 부천시 상동 528-1번지 라일락마을대우유림아파트 2337동 901호,0,0,not_match
500,2570,6a55eca43dbb62063e5246e439095cc63320052a1686deb55f681a8be7ae1493,독스에끌리어,"['성남시', '수정구', '창곡동', '539-5']",경기도 성남시 수정구 복정동 위례서일로3길 37-3,5.0,1,match_dong
501,2572,f998073fcaed64ad9e660ab2852375ae04a0f49f9dcc5924305fe680d85c8191,DDD애견카페,"['성남시', '수정구', '창곡동', '126-1']",성남시 복정동,5.0,2,match_gu
502,2573,fc00767e35327b57b7e3c3493131f97aa1acfcb76f09fae373194af33e043619,반,"['성남시', '수정구', '복정동', '685-7']",경기도 성남시 분당구 석운동 85-1,4.5,22,match_gu
503,2573,fc00767e35327b57b7e3c3493131f97aa1acfcb76f09fae373194af33e043619,반,"['성남시', '수정구', '복정동', '685-7']",경기도 성남시 중원구 하대원동 145,4.4,16,match_gu
504,2573,fc00767e35327b57b7e3c3493131f97aa1acfcb76f09fae373194af33e043619,반,"['성남시', '수정구', '복정동', '685-7']",중원구 중앙동 3740번지 1층 성남시 경기도 KR,0,0,match_gu
505,2573,fc00767e35327b57b7e3c3493131f97aa1acfcb76f09fae373194af33e043619,반,"['성남시', '수정구', '복정동', '685-7']",분당구 수내동 56번지 상가 2층 205호 코끼리 성남시 경기도 KR,0,0,match_gu
506,2573,fc00767e35327b57b7e3c3493131f97aa1acfcb76f09fae373194af33e043619,반,"['성남시', '수정구', '복정동', '685-7']",경기도 성남시 분당구 분당동 107-1번지 KR,0,0,match_gu
507,2573,fc00767e35327b57b7e3c3493131f97aa1acfcb76f09fae373194af33e043619,반,"['성남시', '수정구', '복정동', '685-7']",경기도 성남시 분당구 백현동 126번지 7층,0,0,match_gu
508,2573,fc00767e35327b57b7e3c3493131f97aa1acfcb76f09fae373194af33e043619,반,"['성남시', '수정구', '복정동', '685-7']",경기도 성남시 중원구 상대원동,0,0,match_gu
509,2574,59e4b0663002ee04237f3ebc6538eb41c2d92e7903adf5dc132d446cf450fc2f,푼타하우스,"['하남시', '춘궁동', '294-1']",경기도 하남시 춘궁동 서하남로451번길 13-66,4.7,2,match_dong
510,2577,4fca4218bf470f9b679d6a0f841a4eed5db7f9dd9c6bb702be8a73b4b203ac34,아지트,"['중구', '남포동2가', '23-2']",서울특별시 중구 충무로5가 88-4,3.8,4,match_gu
511,2577,4fca4218bf470f9b679d6a0f841a4eed5db7f9dd9c6bb702be8a73b4b203ac34,아지트,"['중구', '남포동2가', '23-2']",서울특별시 중구 쌍림동 25-18번지,0,0,match_gu
512,2577,4fca4218bf470f9b679d6a0f841a4eed5db7f9dd9c6bb702be8a73b4b203ac34,아지트,"['중구', '남포동2가', '23-2']",신당동 144-32번지 2층 중구 서울특별시 KR,0,0,match_gu
513,2577,4fca4218bf470f9b679d6a0f841a4eed5db7f9dd9c6bb702be8a73b4b203ac34,아지트,"['중구', '남포동2가', '23-2']",서울특별시 중구 다동 88번지,0,0,match_gu
514,2577,4fca4218bf470f9b679d6a0f841a4eed5db7f9dd9c6bb702be8a73b4b203ac34,아지트,"['중구', '남포동2가', '23-2']",서울특별시 종로구 관철동 청계천로 61,3.8,18,not_match
515,2577,4fca4218bf470f9b679d6a0f841a4eed5db7f9dd9c6bb702be8a73b4b203ac34,아지트,"['중구', '남포동2가', '23-2']",서울특별시 중구 명동 을지로 88,4.0,1,match_gu
516,2577,4fca4218bf470f9b679d6a0f841a4eed5db7f9dd9c6bb702be8a73b4b203ac34,아지트,"['중구', '남포동2가', '23-2']",서울특별시 강남구 논현2동 언주로114길 15-3 포스트아지트,2.0,1,not_match
517,2577,4fca4218bf470f9b679d6a0f841a4eed5db7f9dd9c6bb702be8a73b4b203ac34,아지트,"['중구', '남포동2가', '23-2']",공릉동 395-13번지 지층 노원구 서울특별시 KR,0,0,not_match
518,2577,4fca4218bf470f9b679d6a0f841a4eed5db7f9dd9c6bb702be8a73b4b203ac34,아지트,"['중구', '남포동2가', '23-2']",서울특별시 마포구 신정동 145-9,4.3,228,not_match
519,2577,4fca4218bf470f9b679d6a0f841a4eed5db7f9dd9c6bb702be8a73b4b203ac34,아지트,"['중구', '남포동2가', '23-2']",부사동 154-18번지 1층 중구 대전광역시 KR,0,0,match_gu
520,2577,4fca4218bf470f9b679d6a0f841a4eed5db7f9dd9c6bb702be8a73b4b203ac34,아지트,"['중구', '남포동2가', '23-2']",대전광역시 중구 호동 9-12,4.5,6,match_gu
521,2577,4fca4218bf470f9b679d6a0f841a4eed5db7f9dd9c6bb702be8a73b4b203ac34,아지트,"['중구', '남포동2가', '23-2']",압구정로28길 22-11 강남구 서울특별시 KR,4.6,5,not_match
522,2577,4fca4218bf470f9b679d6a0f841a4eed5db7f9dd9c6bb702be8a73b4b203ac34,아지트,"['중구', '남포동2가', '23-2']",서울특별시 종로구 이화동 대학로12길 69,0,0,not_match
523,2578,3a408bd839137120eb5c5eaa447016240b80e634ae13190c5ca0df6e8bfd06c1,양이양이,"['중구', '남포동5가', '20-1']",서울특별시 강남구 역삼1동 테헤란로1길 30,4.7,3,not_match
524,2579,91b8016e9b606b166371450c029d85ce25a93425b2940b62c40fb03846a3e3c9,개st하우스,"['영도구', '청학동', '148-176']",부산광역시 영도구 청학2동 와치로51번길 20,4.3,7,match_gu
525,2581,56466734ed7cf07131861a019369653220a50cf66943b03df8391ea4b0dae307,덕수네,"['부산진구', '전포동', '683-5']",부산광역시 부산진구 전포동 동천로 66,3.7,60,match_dong
526,2581,56466734ed7cf07131861a019369653220a50cf66943b03df8391ea4b0dae307,덕수네,"['부산진구', '전포동', '683-5']",부전동 187-13번지 하층 부산진구 부산광역시 KR,0,0,match_gu
527,2583,b92b4cda7cb387c7f02519e83802e201867145020c97dcab3112ad1068b5c050,개라모르겠다,"['부산진구', '전포동', '684-4']",부산광역시 부산진구 전포대로 209번길 39-9호 2층,2.5,4,match_gu
528,2587,91af7dbc4554af6a1bb51f63db7178ccb0a78c195ddac304bf05248fcd086227,꼬신내,"['남구', '대연동', '512-1']",부산광역시 남구 대연3동 512-1,0,0,match_gu
529,2589,39bef145344269883d6cdfc4d7d69844a89b38b1a4812d39c67334ebc3c6feaa,바른개생활,"['사하구', '하단동', '609-27']",부산광역시 사하구 하단동 609 27번지 1층,0,0,match_dong
530,2590,dd6f42ed2a75c548436fa6878cb9d3ffff8e05ef817dbc82bbaa86f588e2a963,카페개네,"['부산진구', '부전동', '169-2']",충무로 1가 22-2번지 KR 중구 서울특별시 KR,3.8,32,not_match
531,2592,96311a7bdf0c105b19ecbd6ce22ee7ff2b4cd3768d2f0d516b84f469a510693f,파트라슈,"['부산진구', '부전동', '537-9']",부산광역시 부산진구 부전2동 537-9,0,0,match_gu
532,2596,faf54187f3b30b91e8dbf7097fa1b75f5e0bb9480501f668d6442ee01a32c804,작은동물원,"['부산진구', '양정동', '519-16']",부산광역시 부산진구 양정1동 519-16,4.0,1,match_gu
533,2596,faf54187f3b30b91e8dbf7097fa1b75f5e0bb9480501f668d6442ee01a32c804,작은동물원,"['부산진구', '양정동', '519-16']",가야동 136-11번지 503호 에이원 부산진구 부산광역시 KR,0,0,match_gu
534,2599,21a651704c5abc1b7a2cc9058612c8fce8f6e862b801b3c4fba9ce1770b3fb8a,커피줄개,"['부산진구', '양정동', '365-22']",부산광역시 양정동,0,0,match_dong
535,2601,0a5841c8526da718500e74bd12874b45be0f640934113b4abcd3867b61708bdf,플레이독스,"['부산진구', '양정동', '401-11']",서울특별시 광진구 화양동 111-130,3.5,11,not_match
536,2603,334af6a9a3c7bc5a7523226ec18be4d5a17677093942d1e09e8c102640371825,도그어바웃,"['사하구', '다대동', '1552-11']",부산광역시 사하구 다대동 다대로,4.3,35,match_dong
537,2608,547581bdf24c624b0229e605f3ce9b216d0073411669832a7ae12de0eedc765b,펫월드부산연제점,"['연제구', '거제동', '17-1']",부산광역시 연제구 거제1동 거제대로 270,0,0,match_gu
538,2609,223a3598457045d460e09b2c000d36bb7e52de7a56ee3a7429698510606ad9e4,애니펫애견카페,"['수영구', '광안동', '1026-12']",부산광역시 수영구 광안동 광일로29번가길 9,4.3,4,match_dong
539,2613,2d1b9903a08c897270fefd2eed43ffb3b6fb3a0259dc972d2c3530e65f18c0ca,프란다스의개,"['동래구', '사직동', '50-18']",부산광역시 동래구 사직동 72-36,5.0,1,match_dong
540,2615,a2a2f42b398ffe2596c2057df9089b92b8e85d5e2c43593fb7e1b4ee27ee2c01,아껴줄개,"['동래구', '안락동', '221-26']",부산광역시 동래구 안락1동 온천천로 463,3.0,2,match_gu
541,2619,5dd0c0365e1919c4abf76419672587e32f8a7b3c4f124a6a1ad172efff4c8f54,덕수네애견카페부산대점,"['금정구', '장전동', '312-34']",부산광역시 금정구 장전3동 312-34,5.0,1,match_gu
542,2621,c1b65f61e88f58661a80f3fbcc5e0ddc1e93ea9e8b77eee3d0bca37dd7391c6b,헤이도기,"['금정구', '부곡동', '234-4']",부산광역시 금정구 부곡3동,0,0,match_gu
543,2623,d7fede32e0498cbb5e5f0aa23383cdf01f63f560ce2d73afed892e5891f6781e,우다다애견카페,"['북구', '화명동', '1469-11']",부산광역시 기장군 기장읍 기장해안로 114,0,0,not_match
544,2624,5b97f2f1061c4dbc50dcc94c84691df4d7c72500f29b3a36508dcc88cdc60f73,개리비안비치,"['김해시', '대동면', '초정리', '346-5']",경상남도 김해시 대동면,0,0,match_dong
545,2626,6c4f248cd16a2a7e71f05a5a87dbc298c2c593efaf79fe5cdcd656b926b3683d,테리몽하우스,"['해운대구', '좌동', '1465-4']",부산광역시 해운대구 좌1동 세실로69번길 5,3.5,6,match_gu
546,2634,1e99f3769b1e98e7ae8b66b7bfbc8d7cd9c7008911f59334c2fefcde3995c728,엔젤독스,"['해운대구', '좌동', '1315']",부산광역시 해운대구 좌2동 세실로 48,5.0,1,match_gu
547,2640,df907eb3fa0798118ccae027c84ec56343616014a9d85cea0c90cc0cca597388,쿠쿠숲,"['기장군', '장안읍', '덕선리', '721-1']",경상남도 밀양시 단장면 동화2길 36-16,0,0,not_match
548,2644,0afb26c3e6ef5697210ba4964fab0b0e2760d10298026db18e1a1b62ae3bc5a4,캣독,"['중구', '동성로3가', '120-16']",서울특별시 송파구 송파동 97-26,4.3,4,not_match
549,2644,0afb26c3e6ef5697210ba4964fab0b0e2760d10298026db18e1a1b62ae3bc5a4,캣독,"['중구', '동성로3가', '120-16']",경기도 고양시 일산동구 장항동 라페스타A 766번지 KR동 116호,5.0,14,not_match
550,2644,0afb26c3e6ef5697210ba4964fab0b0e2760d10298026db18e1a1b62ae3bc5a4,캣독,"['중구', '동성로3가', '120-16']",경기도 성남시 중원구 금광2동 4458,0,0,not_match
551,2644,0afb26c3e6ef5697210ba4964fab0b0e2760d10298026db18e1a1b62ae3bc5a4,캣독,"['중구', '동성로3가', '120-16']",경기도 고양시 일산동구 장항동 번지 A 766 KR동 1층 116호 라페스타,0,0,not_match
552,2644,0afb26c3e6ef5697210ba4964fab0b0e2760d10298026db18e1a1b62ae3bc5a4,캣독,"['중구', '동성로3가', '120-16']",신곡동 313-3번지 의정부시 경기도 KR,0,0,not_match
553,2649,db31242caa9f521718d629415765e93e7050096bfdde8942199ece08aaaa4cf0,몽구네애견카페,"['중구', '수창동', '65-15']",수창동 65-14번지 1층 2층 중구 대구광역시 KR,3.7,3,match_dong
554,2652,a8fe48b7bf2e983d3e924041a896a66005f2835a74a5e5dcff66e3d15042117d,스마일독스,"['북구', '침산동', '293-13']",대구광역시 북구 침산동 침산로 152,0,0,match_dong
555,2656,617e20065c71c613c976cc322bdd470c78070addf2469869b9bc65821677eeb0,도그플레이스,"['서구', '원대동2가', '98-1']",대곡동 850번지 1층 달서구 대구광역시 KR,3.0,3,match_gu
556,2665,ac9da2691c4ce091058ef502e0d0ebeec7dd1dbef1920196dbfafd09694eaae3,멍뭉,"['달서구', '두류동', '495-17']",대구광역시 달서구 두류3동 495-17,4.1,31,match_gu
557,2667,88ede8525b9b3500480d5f76be5911826563d8f3b27800e2fc6deaccd3dc22dd,카페포,"['달서구', '두류동', '618-10']",대구광역시 달서구 두류3동 618-10,0,0,match_gu
558,2669,9f46b0cc900796e935f347c92dd2d0ffd14b5c68a896915fc14e74955b3d3d16,젠틀펫,"['서구', '중리동', '1136-158']",번지 105동 동2층 201 KR 대구광역시 서구 중리동 1136-159 202 203호,0,0,match_dong
559,2673,a0bb76d08514227e0def625350f3c85e77cc62c15d9e64e77d0a193a1017bc76,트레인독율하점,"['동구', '서호동', '227-1']",대구광역시 동구 율하동 1163,0,0,match_gu
560,2674,bd45823b9291cfdf94cd1014bf40d2b5d5b57c2af0c64314659567ecf280d83c,교감애견카페,"['동구', '중대동', '599']",대구광역시 동구 공산동 536-2,4.5,22,match_gu
561,2679,6081e1e19078cd816bbe1501fb33edd2e72e9253078ce55dfb47cd27b9a6e0e7,카페인이누,"['수성구', '시지동', '230-1']",053-795-6799,0,0,not_match
562,2685,3f49bc6dab65c5d7ff023ff92beff0101b4182f25a6102ca7ea689c73a12083a,슈슈,"['달서구', '월성동', '1423']",대구광역시 달서구 대천동 550-3,0,0,match_gu
563,2685,3f49bc6dab65c5d7ff023ff92beff0101b4182f25a6102ca7ea689c73a12083a,슈슈,"['달서구', '월성동', '1423']",대구광역시 달서구 장기동 515번지 장기국민임대 1층 103호,0,0,match_gu
564,2702,25e2e7ad3bf49d4eeb17e625d8a0f0de14fd2f47a2447138e4050bc18931081e,쁘띠시앙,"['미추홀구', '용현동', '190-22']",서울특별시 마포구 도화동 200-13,0,0,not_match
565,2707,6d2949b48627e27780655c37377ae6a42a6ed62ccfd1f4517ec6f6f661f89583,멍글팩토리,"['서구', '석남동', '223-668']",인천광역시 서구 석남동 223 668번지 2층,0,0,match_dong
566,2710,bdda789975baab1466045580471c6d1e75a0fbd321a1d285b43cdab7e6040014,코지트,"['서구', '청라동', '104-139']",인천광역시 서구 보석 원미로18번길 11,0,0,match_gu
567,2711,bcdfbdda8fd87e0e7c0cbdb27ff190ddf64a390ea1ac8fb6229f7011358dfc9c,피크닉,"['미추홀구', '주안동', '1309']",인천광역시 남구 학익동 671-4,0,0,not_match
568,2712,6e056910ce03e3faac08fa7bbfa907764e8e0f363641cdf8696a33f1b47a8380,카페왈,"['서구', '청라동', '162-7']",연희동 799-7번지 303호 청라프라자 서구 인천광역시 KR,0,0,match_gu
569,2713,be2a3edf1f82c2ba588a2369eab4f1b79503a99746e57b2757af4295c2f27df8,칸지독,"['서구', '청라동', '162-19']",인천광역시 서구 연희동 799-19번지 리버프라자 502호,3.4,5,match_gu
570,2719,948b2da97568d9bf48c23178b070dc5a6e75be25ed966cf76e3a5c443437261c,어디가냥이리오개,"['남동구', '간석동', '570-5']",인천광역시 남동구 간석4동,0,0,match_gu
571,2720,9e194de4e7d5cc38abb2a4a4cd16c05dde287c39ab2d57c61edba754865aebef,젠틀독,"['서구', '청라동', '133-28']",연희동 781-28번지 1층 서구 인천광역시 KR,5.0,1,match_gu
572,2720,9e194de4e7d5cc38abb2a4a4cd16c05dde287c39ab2d57c61edba754865aebef,젠틀독,"['서구', '청라동', '133-28']",인천광역시 서구 연희동 담지로86번길 16-28 1층,0,0,match_gu
573,2721,883cdc3eb9154c780b9807acc4465bdd721a12b9770d60a10c44d98a3bb436cf,반려견,"['연수구', '동춘동', '1113-10']",인천광역시 연수구 송도동 21-59,0,0,match_gu
574,2744,5bb7c7d7844d1785339cfb89c8414dd9ed267221a9c6e128371cef4a3c424fe5,도그앤캣,"['시흥시', '월곶동', '1009-2']",경기도 안산시 단원구 원곡동 846-8,0,0,not_match
575,2750,e54ab41678859f554dd82844a2e2cf1df54dacc695d6afa0b216611505491fd5,아루루,"['시흥시', '은행동', '535']",대야동 544-1번지 A동 603호 시흥시 경기도 KR,0,0,match_gu
576,2752,c8ae5453828cb5c660910582301a60421aed074e756ecf6e0c1bf6453fa8cfc5,똥강아지,"['부천시', '중동', '1167-3']",경기도 부천시 오정구 원종동 212-15,3.8,4,match_gu
577,2762,4ad53d7e70222d3cd9e051e71f03ea08e79ba6659c8527a8033526a61d2cbec9,함께할개사랑할개,"['부천시', '중동', '1147']",경기도 부천시 원미구 중1동 1147,4.4,9,match_gu
578,2763,69077ec1a22c72e1e7298055a1adf274bd07e2c578348bc879f3f26e3a9954b8,독불장군,"['부천시', '심곡동', '383-8']",경기도 부천시 부일로 448 KR,0,0,match_gu
579,2764,4f1114e443ba746fe98b9e3530719e2f104bd64f9b7ef8b5210e531204aa4286,애견카페,"['부천시', '심곡동', '403-1']",경기도 부천시 원미구 상3동,3.5,4,match_gu
580,2764,4f1114e443ba746fe98b9e3530719e2f104bd64f9b7ef8b5210e531204aa4286,애견카페,"['부천시', '심곡동', '403-1']",경기도 부천시 심곡동 367-3번지 일부 2층,0,0,match_dong
581,2777,4166b9ee502754f65b0f60cb07c578e24512c5e4e0da8e7d9e384fd6afe575d2,흐노니,"['강화군', '길상면', '장흥리', '275-20']",인천광역시 강화군 길상면 해안남로 328-7,4.0,30,match_dong
582,2779,18a37f9157d97256819d6d770d44f7f3557e51f88f374bec07b21b88800adff8,러브독,"['강화군', '내가면', '외포리', '473-1']",인천광역시 강화군 내가면 강화서로 48,4.3,6,match_dong
583,2781,1869746eb7d85827a238e7dfdb7d27892cd8dbef0111a4fa815ed8cbfc03e3b4,폼스카페,"['서구', '풍암동', '1139-4']",풍암동 1139-3번지 1층 서구 광주광역시 KR,0,0,match_dong
584,2787,0f7e2abce498f583ba5ddc5ac92c2dd339bb6ab629ddf07d1cd5d14df0541357,로즈마리,"['서구', '치평동', '1218']",대전광역시 서구 월평1동 339,0,0,match_gu
585,2787,0f7e2abce498f583ba5ddc5ac92c2dd339bb6ab629ddf07d1cd5d14df0541357,로즈마리,"['서구', '치평동', '1218']",쌍촌동 1277-5번지 1층 서구 광주광역시 KR,0,0,match_gu
586,2787,0f7e2abce498f583ba5ddc5ac92c2dd339bb6ab629ddf07d1cd5d14df0541357,로즈마리,"['서구', '치평동', '1218']",대전광역시 서구 탄방동 1196,0,0,match_gu
587,2787,0f7e2abce498f583ba5ddc5ac92c2dd339bb6ab629ddf07d1cd5d14df0541357,로즈마리,"['서구', '치평동', '1218']",부산광역시 서구 충무동1가 3-1,0,0,match_gu
588,2787,0f7e2abce498f583ba5ddc5ac92c2dd339bb6ab629ddf07d1cd5d14df0541357,로즈마리,"['서구', '치평동', '1218']",대전광역시 서구 복수동 270 1번지 오량마을마루미그린채아파트,0,0,match_gu
589,2787,0f7e2abce498f583ba5ddc5ac92c2dd339bb6ab629ddf07d1cd5d14df0541357,로즈마리,"['서구', '치평동', '1218']",광주광역시 서구 양동 441,0,0,match_gu
590,2787,0f7e2abce498f583ba5ddc5ac92c2dd339bb6ab629ddf07d1cd5d14df0541357,로즈마리,"['서구', '치평동', '1218']",대구광역시 북구 동천동 팔거천동로 215,4.1,9,not_match
591,2787,0f7e2abce498f583ba5ddc5ac92c2dd339bb6ab629ddf07d1cd5d14df0541357,로즈마리,"['서구', '치평동', '1218']",충남 천안시 동남구 남관리 1-72,3.3,4,not_match
592,2789,87f71923e139060c340f968bdd358ee509345b95b1c24b050015be93b048496a,핫도그,"['북구', '용봉동', '152-30']",광주광역시 북구 용봉동 1097-14,3.1,11,match_dong
593,2789,87f71923e139060c340f968bdd358ee509345b95b1c24b050015be93b048496a,핫도그,"['북구', '용봉동', '152-30']",광주광역시 북구 첨단동 301-1,4.0,3,match_gu
594,2789,87f71923e139060c340f968bdd358ee509345b95b1c24b050015be93b048496a,핫도그,"['북구', '용봉동', '152-30']",광주광역시 북구 운암동 480-13,0,0,match_gu
595,2789,87f71923e139060c340f968bdd358ee509345b95b1c24b050015be93b048496a,핫도그,"['북구', '용봉동', '152-30']",광주광역시 북구 오치동 776-14번지 1층,0,0,match_gu
596,2789,87f71923e139060c340f968bdd358ee509345b95b1c24b050015be93b048496a,핫도그,"['북구', '용봉동', '152-30']",광주광역시 북구 용봉동 1226-2,4.0,1,match_dong
597,2789,87f71923e139060c340f968bdd358ee509345b95b1c24b050015be93b048496a,핫도그,"['북구', '용봉동', '152-30']",광주광역시 북구 본촌동 3013번지 1층,5.0,1,match_gu
598,2789,87f71923e139060c340f968bdd358ee509345b95b1c24b050015be93b048496a,핫도그,"['북구', '용봉동', '152-30']",광주광역시 북구 문흥동 996-3,0,0,match_gu
599,2789,87f71923e139060c340f968bdd358ee509345b95b1c24b050015be93b048496a,핫도그,"['북구', '용봉동', '152-30']",대구광역시 북구 침산3동 430-1,4.3,32,match_gu
600,2800,cb53ecbf2d9e440b3a66af617bf19fb027602f4836b32b920995f29c55dac8b5,데일리펫,"['광산구', '우산동', '1363-20']",광주광역시 광산구 신창동 1239-3번지 1층,0,0,match_gu
601,2807,8f532fe39f7a64dbc65f3f0f0cc1906e824fb716ba7cca34c6d4857c32e6bda6,디비디비,"['북구', '용전동', '1211-8']",용봉동 846-2번지 3층 북구 광주광역시 KR,0,0,match_gu
602,2807,8f532fe39f7a64dbc65f3f0f0cc1906e824fb716ba7cca34c6d4857c32e6bda6,디비디비,"['북구', '용전동', '1211-8']",KR 광주 북구 용전동 1211-37,5.0,1,match_dong
603,2807,8f532fe39f7a64dbc65f3f0f0cc1906e824fb716ba7cca34c6d4857c32e6bda6,디비디비,"['북구', '용전동', '1211-8']",광주광역시 서구 마륵동 278 12번지,0,0,not_match
604,2807,8f532fe39f7a64dbc65f3f0f0cc1906e824fb716ba7cca34c6d4857c32e6bda6,디비디비,"['북구', '용전동', '1211-8']",구암동 824-9번지 북구 대구광역시 KR,0,0,match_gu
605,2809,8750f0f70a19ad3691b7acfe2a2baa213110495577750803091449bea2911575,빈티지399,"['광산구', '용곡동', '399-3']",광주광역시 광산구 평동 399-3,4.3,44,match_gu
606,2811,4c48e723e4b5e703cbf37fe916a37a46ce007080fffc9fd7c49c2bdf87679d0a,눈보뛰,"['광산구', '대산동', '300-1']",광주광역시 광산구 삼도동 대산로 22,4.6,30,match_gu
607,2821,f796c1a5f01465f36235c0c4cd48f54cae7b70fcc3b1cc52adcdff0c545e672e,펫25시놀이터,"['중구', '유천동', '185-41']",유천동 185-42번지 2층 중구 대전광역시 KR,0,0,match_dong
608,2824,e929734efa9ad05284a90396bed9a03b0a9953dfe615d19bcdfc5656e6dc7e62,더개,"['서구', '가장동', '47-30']",대전광역시 서구 탄방동 869,4.0,4,match_gu
609,2833,1ff9dd3b4049fc6e13e173bb0506f4ba6e7ad12bdf8fc51a952fc247fae4f792,라라빌리지,"['서구', '가수원동', '655-13']",대전광역시 서구 가수원동 661-7,0,0,match_dong
610,2835,96e568f905058ced704bd6dbb28513a7daf8f2626e8ab113ad5a5f73187cebec,드숑,"['서구', '도안동', '1439']",둔산동 936번지 101호 태산시그마빌 서구 대전광역시 KR,4.0,1,match_gu
611,2842,b9d45f7b41b2c25705ffbc0fad2a02d9a7e19fa2d0499b290996b7d1b849c9f1,꿈,"['유성구', '관평동', '844']",대전광역시 유성구 지족동,0,0,match_gu
612,2842,b9d45f7b41b2c25705ffbc0fad2a02d9a7e19fa2d0499b290996b7d1b849c9f1,꿈,"['유성구', '관평동', '844']",대전광역시 유성구 지족 북로 33 한화 꿈 에 그린 1 단지,4.8,5,match_gu
613,2842,b9d45f7b41b2c25705ffbc0fad2a02d9a7e19fa2d0499b290996b7d1b849c9f1,꿈,"['유성구', '관평동', '844']",대전광역시 유성구 신성동 신성남로 57,3.9,44,match_gu
614,2842,b9d45f7b41b2c25705ffbc0fad2a02d9a7e19fa2d0499b290996b7d1b849c9f1,꿈,"['유성구', '관평동', '844']",원내동 383번지 대전광역시유성구 유성구 대전광역시 KR,0,0,match_gu
615,2842,b9d45f7b41b2c25705ffbc0fad2a02d9a7e19fa2d0499b290996b7d1b849c9f1,꿈,"['유성구', '관평동', '844']",대전광역시 유성구 관평동 배울2로 61,4.6,5,match_dong
616,2842,b9d45f7b41b2c25705ffbc0fad2a02d9a7e19fa2d0499b290996b7d1b849c9f1,꿈,"['유성구', '관평동', '844']",대전광역시 유성구 노은동 150-6,3.8,20,match_gu
617,2842,b9d45f7b41b2c25705ffbc0fad2a02d9a7e19fa2d0499b290996b7d1b849c9f1,꿈,"['유성구', '관평동', '844']",대전광역시 유성구 관평동 664,0,0,match_dong
618,2842,b9d45f7b41b2c25705ffbc0fad2a02d9a7e19fa2d0499b290996b7d1b849c9f1,꿈,"['유성구', '관평동', '844']",대전광역시 유성구 구암동 591-7,0,0,match_gu
619,2842,b9d45f7b41b2c25705ffbc0fad2a02d9a7e19fa2d0499b290996b7d1b849c9f1,꿈,"['유성구', '관평동', '844']",대전광역시 유성구 노은동 112-6,0,0,match_gu
620,2842,b9d45f7b41b2c25705ffbc0fad2a02d9a7e19fa2d0499b290996b7d1b849c9f1,꿈,"['유성구', '관평동', '844']",반석동 339-3번지 유성구 대전광역시 KR,0,0,match_gu
621,2842,b9d45f7b41b2c25705ffbc0fad2a02d9a7e19fa2d0499b290996b7d1b849c9f1,꿈,"['유성구', '관평동', '844']",대전광역시 유성구 봉명동 558-10,5.0,1,match_gu
622,2842,b9d45f7b41b2c25705ffbc0fad2a02d9a7e19fa2d0499b290996b7d1b849c9f1,꿈,"['유성구', '관평동', '844']",대전광역시 유성구 관평동 1280,0,0,match_dong
623,2842,b9d45f7b41b2c25705ffbc0fad2a02d9a7e19fa2d0499b290996b7d1b849c9f1,꿈,"['유성구', '관평동', '844']",대전광역시 유성구 원내동 337-1,4.0,5,match_gu
624,2847,77ba02faf861273542db5bdd0ca8940ea681af37fd7238510cbb6223b3ad3cea,헤이독,"['중구', '성남동', '224-4']",대전광역시 중구 대흥동 147-9,4.0,36,match_gu
625,2860,7d5ca2d3530ddba0ffa1bd7ba1b971ab487ae5de3d39eb433de3b2c747a71b80,코코마또,"['북구', '산하동', '49']",무룡동 201-5번지 1층 언덕 북구 울산광역시 KR,2.7,3,match_gu
626,2863,ef6c1543445febb9fa65afcd9765a8dd1352ec073d2b1529b2130e14d328379a,개들의세상,"['북구', '중산동', '1286-5']",울산광역시 북구 중산동 2길 8,0,0,match_dong
627,2872,c1b43713e786d99163c13b2fb31789f12ab6c0a4fd9d69af863aff6be875028c,도그랜드,"['장군면', '금암리', '341-1']",경기도 성남시 분당구 수내1동 19-3,0,0,not_match
628,2874,b9442129a49f51763aaf17a9dbc650dc3d2338a7dd38ba208723a3ae65925467,꼬르륵,"['수원시', '장안구', '송죽동', '258-3']",경기도 수원시 장안구 영화동 292-1번지,0,0,match_dong
629,2874,b9442129a49f51763aaf17a9dbc650dc3d2338a7dd38ba208723a3ae65925467,꼬르륵,"['수원시', '장안구', '송죽동', '258-3']",경기도 수원시 장안구 정자동 번지 1층 44-60 KR,0,0,match_dong
630,2882,46471624cb77cd075ab55b6a7fe25b6c12c6a090ff64a2b62e6b04fb11c24142,스페이스바이샤샤,"['수원시', '영통구', '이의동', '1298-4']",경기도 수원시 영통구 원천동 센트럴파크로 128번길 94,4.7,41,match_dong
631,2893,dfc9cf523ec5275f5d08fc0f3a04555d53998c3792b167aaa28451f9a0abce26,카페아몽,"['용인시', '수지구', '상현동', '1161-4']",경기도 용인시 기흥구 영덕동 995-7,0,0,match_gu
632,2894,deb13c32d437edf42640da5d7b096106b64a13fa90b8e06574680323915b74c6,개편한세상,"['수원시', '권선구', '금곡동', '1087']",인천광역시 남동구 구월4동 1285 번지 덕왕빌딩 3층,4.2,12,not_match
633,2895,8540a22687ed86d0c6aa1c74638a5e42d9b84d2cb142d08f4634a3e7f8fda72d,에코독,"['수원시', '영통구', '신동', '936']",경기도 수원시 영통구 권선로 908 번길 3,3.8,30,match_dong
634,2902,0e3b9b78f094a7cc9c29fc33f9cebed9ebed46dfbfe315550aab087be4f9d8ec,봉구하우스애견카페,"['군포시', '부곡동', '1218-3']",경기도 군포시 삼성로 8번길4-5 KR 드림시티 2층 202호,0,0,match_gu
635,2905,cfec13225e3ad15dd67b7de5921851e7e8cd39b36115fe666f528e66df424936,아루스,"['화성시', '매송면', '원평리', '264-2']",경기도 화성시 매송면 화성로 2298-8,4.5,28,match_dong
636,2910,6f99c7961b8ae8ef14c9b022d9ecadd92941127830a7f842df8c0ea551fa3a91,러닝독,"['화성시', '진안동', '692-198']",경기도 수원시 팔달구 인계동 1034-6번지 1층,0,0,not_match
637,2921,6da388b02812cef7219aa46b7f7dffd546c7cf99a10b1e49942171d254905523,펫아일럿,"['성남시', '수정구', '신흥동', '5501']",경기도 성남시 분당구 야탑동 382-6,0,0,match_gu
638,2924,a73f3eec9826e877f023ab1bf39bd3b1bd13793b0b18c29d4a8447167fbb1597,퍼펫,"['성남시', '수정구', '태평동', '7288-13']",경기도 성남시 중원구 상대원3동 2993-11,0,0,match_gu
639,2928,7a0f6821dcf43ee46b12273c131631e967d4bd79055444f8bb3c1f0bdaf6f548,펫아일럿,"['성남시', '분당구', '야탑동', '382-6']",수정구 신흥동 5501번지 2층 성남시 경기도 KR,5.0,1,match_gu
640,2932,e9337356e6b0c282e1cc5168883c712144ac4a73471dc7f7a440f5b6464ee32c,영스키친,"['화성시', '반송동', '113-2']",경기도 화성시 반송동 노작로4길 18-23,3.0,3,match_dong
641,2933,5f41d130eca394fdecece69783f0813a368a200f64442c84e4f407c218cce59e,플레이어스,"['화성시', '반송동', '123-2']",경기도 화성시 동탄2동 123-3 1층,4.0,1,match_gu
642,2933,5f41d130eca394fdecece69783f0813a368a200f64442c84e4f407c218cce59e,플레이어스,"['화성시', '반송동', '123-2']",경기도 화성시 반송동 91-9,0,0,match_dong
643,2934,9d9af35d7b623dacf43d9796084a80b35729e5c08e7b2cd8baf845f212dccbec,독썸플래이스,"['화성시', '중동', '37']",경기도 화성시 동탄면 중리북길 39,3.5,1,match_gu
644,2938,26233c17162981ce18c0909f2123858b7c85b13f822283d7e035c3a23c29b5ee,쏘스윗커피&쏘스윗펫,"['성남시', '분당구', '백현동', '529']",경기도 성남시 분당구 판교역로 109 동 B209호 SK허브 A,5.0,2,match_dong
645,2941,82ab85d2d8f2436ce776e44393ca4576df52acc3e661a6b96720ecce388648f6,몽슈,"['성남시', '분당구', '분당동', '99-9']",서울특별시 영등포구 여의도동 여의나루로 117 진미파라곤오피스텔 213호,3.0,2,not_match
646,2945,549eff2c6437f940e6059b02bba771e26420004b2d0c2c6518a71ed299525639,더독,"['성남시', '분당구', '석운동', '72-20']",분당구 서현동 90번지 1층 올림픽스포츠센터 성남시 경기도 KR,0,0,match_dong
647,2950,cae9ae23f6f9b82fa95809cbae5bc428253597160a06f580003213361eee95e8,어썸독,"['용인시', '처인구', '모현읍', '능원리', '192-4']",동안구 비산동 1102번지 상가 1동 지하층 층 3호 관악 안양시 경기도 KR,0,0,not_match
648,2955,54fa8cab9f537b464a07ba686de9b058cd657979fb819c02f3b704db433cfc59,애견깡패,"['의정부시', '의정부동', '159-10']",경기도 의정부시 의정부동 시민로121번길 63,0,0,match_dong
649,2960,6591e53ab74e05d32a8595ed65c46bedb0c6e9446b392e3cd5834c2adc6ef744,개드립,"['의정부시', '민락동', '412']",경기도 의정부시 민락동 81-2,0,0,match_dong
650,2961,bec4b84fe0bbf87d39d49ccd0b191021e0c1647c6550ff2820ed8e755aaa5b1a,러브도그,"['의정부시', '가능동', '738-33']",서울 관악구 성현[봉천2/5동]동 7-273,0,0,not_match
651,2961,bec4b84fe0bbf87d39d49ccd0b191021e0c1647c6550ff2820ed8e755aaa5b1a,러브도그,"['의정부시', '가능동', '738-33']",경기도 부천시 원미구 중1동 1135-1,0,0,not_match
652,2962,67be8960e9c990d6605a676f85f6348b71eb34668d9d07b1eeb5408d1ddfd46e,어울림,"['양주시', '마전동', '235-4']",율정동 114번지 양주시 경기도 KR,0,0,match_gu
653,2962,67be8960e9c990d6605a676f85f6348b71eb34668d9d07b1eeb5408d1ddfd46e,어울림,"['양주시', '마전동', '235-4']",남면 상수리 149-16번지 양주시 경기도 KR,0,0,match_gu
654,2962,67be8960e9c990d6605a676f85f6348b71eb34668d9d07b1eeb5408d1ddfd46e,어울림,"['양주시', '마전동', '235-4']",경기도 양주시 장흥면 부곡리 627-131번지 KR 1층,0,0,match_gu
655,2963,1f59cdd2729f78d55307e0a60dcb564448671c6b8e50e39f0c5a2f140d46f02c,멍떼루와,"['양주시', '광사동', '215']",경기도 양주시 광사동 216-4번지 KR,0,0,match_dong
656,2964,dc1f5ee6ab48e2d614aa74c686b8738094e84410a7e150de139da35acb23550c,하이디어,"['양주시', '만송동', '294-2']",경기도 양주시 만송동 고읍북로 107-19,4.3,16,match_dong
657,2965,e937fb75440ae89f933ca259767d0dca01c9bbfec70e1993552be50dbbd8b669,쿤짱,"['의정부시', '의정부동', '154-5']",경기도 의정부시 의정부동 154-4번지 KR 2층 202호,0,0,match_dong
658,2966,697195676a3bc34fe71f110d32eda4c9de0ee39fd03ec699f02fc30ad01289c4,똥강아지,"['안양시', '만안구', '안양동', '503-20']",시흥동 841-49번지 금천구 서울특별시 KR,0,0,not_match
659,2966,697195676a3bc34fe71f110d32eda4c9de0ee39fd03ec699f02fc30ad01289c4,똥강아지,"['안양시', '만안구', '안양동', '503-20']",중동 1167-3번지 301호 부천시 경기도 KR,4.8,4,not_match
660,2966,697195676a3bc34fe71f110d32eda4c9de0ee39fd03ec699f02fc30ad01289c4,똥강아지,"['안양시', '만안구', '안양동', '503-20']",경기도 안산시 상록구 이동 605-3,0,0,not_match
661,2966,697195676a3bc34fe71f110d32eda4c9de0ee39fd03ec699f02fc30ad01289c4,똥강아지,"['안양시', '만안구', '안양동', '503-20']",원미동 146-1번지 B동 101호 정화 부천시 경기도 KR,0,0,not_match
662,2966,697195676a3bc34fe71f110d32eda4c9de0ee39fd03ec699f02fc30ad01289c4,똥강아지,"['안양시', '만안구', '안양동', '503-20']",경기도 부천시 오정구 고강동 346-1,0,0,not_match
663,2966,697195676a3bc34fe71f110d32eda4c9de0ee39fd03ec699f02fc30ad01289c4,똥강아지,"['안양시', '만안구', '안양동', '503-20']",개포동 12번지 대치아파트 상가 2층 212호 강남구 서울특별시 KR,0,0,not_match
664,2966,697195676a3bc34fe71f110d32eda4c9de0ee39fd03ec699f02fc30ad01289c4,똥강아지,"['안양시', '만안구', '안양동', '503-20']",자양동 547-71번지 ㅣ층 광진구 서울특별시 KR,0,0,not_match
665,2966,697195676a3bc34fe71f110d32eda4c9de0ee39fd03ec699f02fc30ad01289c4,똥강아지,"['안양시', '만안구', '안양동', '503-20']",남촌동 295-10번지 105호 남동구 인천광역시 KR,0,0,not_match
666,2966,697195676a3bc34fe71f110d32eda4c9de0ee39fd03ec699f02fc30ad01289c4,똥강아지,"['안양시', '만안구', '안양동', '503-20']",경기도 용인시 기흥구 보정동,0,0,not_match
667,2966,697195676a3bc34fe71f110d32eda4c9de0ee39fd03ec699f02fc30ad01289c4,똥강아지,"['안양시', '만안구', '안양동', '503-20']",경기도 하남시 춘궁동,0,0,not_match
668,2966,697195676a3bc34fe71f110d32eda4c9de0ee39fd03ec699f02fc30ad01289c4,똥강아지,"['안양시', '만안구', '안양동', '503-20']",서울특별시 노원구 상계5동,0,0,not_match
669,2970,ca4603a38e20bfe74c966edde692b259dba976712e1a2edd04a9aad7e7348511,고양이를부탁해,"['군포시', '산본동', '1131-1']",경기도 군포시 산본로323번길 4-21 미성빌딩 6층,4.0,3,match_gu
